1000,nom,prenom,Genre,date_N,lieu_N,date_D,lieu_D,nom_P,prenom_P,nom_M,prenom_M
1,Alvarez,Dianne,F,7/12/1850,Shumway,7/11/1946,El Paso,,,,
1,Myers,Thelma,F,15/5/1850,Greenford,11/6/1971,North Amherst,,,,
1,Keller,Jennifer,F,27/10/1953,Blackford,27/12/2012,Moreauville,,,,
1,Hottel,Susanne,F,7/1/1995,Church Rock,2/8/2001,Southold,,,,
1,Sorensen,Alex,M,3/12/2000,Oceanside,23/4/2000,Eagarville,,,,
1,Breeden,Charles,M,20/7/1914,Chinese Camp,16/4/1970,Seeley Lake,,,,
1,Miller,Carl,M,30/1/1867,West Middlesex,24/6/1880,Mindoro,,,,
1,Satterthwaite,Carmen,F,7/1/1913,El Paso,8/11/1954,Flatwoods,,,,
1,Nelms,Katherine,F,27/2/1919,Jackson,7/5/1935,Seiad Valley,,,,
1,Dye,Trina,F,9/2/1906,Grimes,27/1/1928,Brownfield,,,,
1,Ross,Kate,F,21/8/1815,Kenyon,12/1/1893,Alexandria,,,,
1,Simpson,Brenda,F,24/1/1853,Zaleski,1/2/1980,Sandy Hook,,,,
1,Buczek,Laura,F,5/7/1860,Buffalo,14/9/1880,Wilmington,,,,
1,Ferris,Paul,M,2/4/1903,Chapel Hill,21/5/1981,Saint Charles,,,,
1,Ameduri,Anita,F,7/1/1856,Payson,4/4/1920,Monroe,,,,
1,Hronick,Tony,M,22/3/1865,Lissie,9/6/1945,Ferriday,,,,
1,Walker,Isaiah,M,22/1/1930,Clifton,16/11/1940,Turon,,,,
1,Siegel,Rose,F,21/1/1887,Ocracoke,5/12/1917,Grimstead,,,,
1,Levine,Elizabeth,F,25/10/1981,El Paso,1/3/2003,Pensacola,,,,
1,Reeves,Jason,M,3/7/1896,Huntington,26/1/1999,Ragan,,,,
1,Freeman,Keith,M,23/10/1857,Cobleskill,1/10/2010,Clute,,,,
1,Jones,Desiree,F,1/10/1809,Oakland,19/4/1844,Roseland,,,,
1,Hernandez,Mark,M,4/12/1932,Washington,3/1/1990,Reno,,,,
1,Gaylord,Norman,M,16/4/1916,Aberdeen,25/11/2004,Saint Paul,,,,
1,Paige,Kathryn,F,4/5/1839,Earlsboro,18/2/2008,Westford,,,,
1,Alvarez,Aldo,M,6/10/1967,Breeden,13/3/1987,Montgomery,,,,
1,Brimfield,Truman,M,28/9/1905,Pavo,27/1/1952,Amazonia,,,,
1,Stevens,John,M,9/1/1916,Yutan,7/8/2005,Warner,,,,
1,Padovano,Clifton,M,22/7/1838,Etoile,28/10/1971,Naperville,,,,
1,Moore,Kenny,M,14/3/1873,Wheaton,22/11/1976,Pittsburgh,,,,
1,Welch,Kaitlyn,F,12/11/1879,Morristown,10/7/1997,Anchorage,,,,
1,Nunez,Charles,M,7/8/1908,Stockton,15/9/1989,Oakdale,,,,
1,Terry,Franchesca,F,9/8/1892,Tennant,17/5/1968,Port Washington,,,,
1,Harvey,Suzanne,F,25/1/1819,Rineyville,7/9/1960,Rensselaerville,,,,
1,Ray,Jeffrey,M,25/4/1929,Jarratt,24/9/1987,Boise,,,,
1,Sichler,Rosalind,F,22/10/1825,Hattiesburg,29/1/1903,Tremont,,,,
1,Rogers,Suzy,F,6/1/1802,Youngstown,20/8/1890,Huntington,,,,
1,Jackson,Edward,M,4/1/1921,Leesville,2/10/1968,Casey,,,,
1,Stalcup,Marcella,F,5/3/1889,Ratliff City,13/1/1936,Douglas,,,,
1,Turman,John,M,27/12/1874,Spring Creek,27/11/2017,Red Jacket,,,,
1,Marble,Matthew,M,4/6/1976,Stephentown,8/4/2005,Florence,,,,
1,Castro,Ernesto,M,3/9/1930,Presque Isle,5/3/1993,Ocheyedan,,,,
1,Thomas,Lillian,F,19/6/1868,Bagley,29/2/1961,Mount Olive,,,,
1,Stone,Michael,M,25/3/1928,Yancey,19/2/1977,Harrisburg,,,,
1,Olufson,Gloria,F,10/6/1981,Danville,30/8/1986,Flat Lick,,,,
1,Roberts,Chester,M,18/3/1849,Kwigillingok,27/5/2007,Grover Beach,,,,
1,Grenier,Amber,F,12/1/1970,Mc Intosh,1/10/2005,Columbus,,,,
1,Osorio,Sara,F,8/5/1858,Punta Gorda,5/7/1965,Story City,,,,
1,Lawton,Nicholas,M,31/6/1971,Star Lake,9/4/1973,Portage,,,,
1,Case,Kevin,M,27/9/1872,North Sutton,29/2/2004,Smithland,,,,
1,Riley,Mark,M,18/12/1858,Elk Grove,13/8/1882,Wilson,,,,
1,Serna,Annetta,F,21/8/1996,Ingleside,2/9/1997,Artie,,,,
1,Lightsey,Kevin,M,13/11/1886,Lincoln,27/11/1995,Clifford,,,,
1,Johnson,Denise,F,8/5/1836,Gap Mills,15/6/1992,Sargent,,,,
1,Samuel,Lois,F,17/7/1863,Kamiah,17/7/1952,Naples,,,,
1,Stokes,Carmen,F,29/10/1968,Bustins Island,29/4/2001,Osprey,,,,
1,Kearney,Gregory,M,14/5/1895,Long Lane,31/2/1985,Sparks,,,,
1,Queen,Dennis,M,24/12/1864,Solon,30/2/1880,Bonnieville,,,,
1,Spoon,Cole,M,6/2/1896,San Bernardino,14/3/1958,Rockford,,,,
1,Hall,Gregory,M,19/1/1868,Pendleton,4/9/2004,Boise,,,,
1,Houston,William,M,5/12/1939,Perry,21/2/1988,New York,,,,
1,Fults,Ron,M,31/11/1867,Usk,26/3/1938,Grand Junction,,,,
1,Merryman,James,M,18/2/1840,Minneapolis,22/9/1855,Oldwick,,,,
1,Davis,Ramon,M,24/4/1914,Cheswold,10/8/1998,Birmingham,,,,
1,Young,Donald,M,20/9/1949,Bayou Goula,16/5/1994,Camden,,,,
1,Cobbs,Yulanda,F,9/6/1803,Henderson,23/10/1971,Le Roy,,,,
1,Griffen,Sarah,F,21/7/1819,Indian Lake,5/5/2012,Farragut,,,,
1,Watson,Edith,F,24/11/1936,Hiwasse,27/4/1950,Takoma Park,,,,
1,Whitcomb,Joel,M,5/12/1963,Fenton,14/12/1973,Tucson,,,,
1,Marker,Charles,M,12/10/1942,Seeley,8/1/1980,Light Street,,,,
1,Whitmire,Simone,F,5/6/1889,Topping,22/4/1999,Saint Joseph,,,,
1,Moore,Tasha,F,1/2/1800,Gainesville,12/8/1830,Newton,,,,
1,Weideman,Eleanor,F,31/4/1865,Destrehan,13/7/1874,Arcola,,,,
1,Witherite,Leslie,M,9/6/1943,Edroy,11/3/2016,Florala,,,,
1,Grant,Walter,M,3/10/1889,Champlin,17/12/2005,Ellis,,,,
1,Godinho,Matthew,F,2/4/1857,Windsor,13/3/1965,Jacksonville,,,,
1,Gooslin,Terry,M,25/12/1853,Valencia,23/5/1887,Knoxville,,,,
1,Hanna,Harry,M,27/7/1978,Wagarville,13/1/1985,Scottsville,,,,
1,Whisler,Gloria,F,16/11/1963,Boyce,29/6/1994,Star City,,,,
1,Burke,John,M,10/9/1833,Shepherdsville,4/11/1899,Montpelier,,,,
1,Deason,Patrick,M,29/3/1910,Charleston,26/4/1992,San Francisco,,,,
1,Hernandez,Clarence,M,5/5/1952,Greenfield Park,29/2/1998,Westville,,,,
1,Rainey,Michael,M,6/12/1957,Posen,20/9/1988,Shreveport,,,,
1,Watkins,Thomas,M,15/5/1894,Yakima,14/9/2003,Schell City,,,,
1,Przybyla,Kelley,F,14/9/1832,Honolulu,8/4/1851,Fort Ripley,,,,
1,Greco,Leo,M,28/8/1987,Brighton,25/9/1990,Whiting,,,,
1,Owens,Edna,F,17/9/1938,Apopka,2/5/1990,Castroville,,,,
1,Baker,Victor,M,7/10/1883,Mc Keesport,26/9/2013,Brandamore,,,,
1,Chamberlain,Ray,M,13/9/1814,Rupert,28/9/1901,Sanford,,,,
1,Foster,Anthony,M,6/12/1992,Dovray,24/9/2005,Plantersville,,,,
1,Humphries,Shirley,F,3/8/1963,Fisherville,30/10/1973,Eglin Afb,,,,
1,Vanhoose,Nicholas,M,29/11/1934,Roxton,1/9/1934,Los Alamitos,,,,
1,Garmany,Laura,F,27/12/1932,Washington,3/5/1972,Coulterville,,,,
1,Townsend,Russell,M,9/9/1856,Springfield,17/7/1910,Rochester,,,,
1,West,Shelly,F,15/6/1884,Toledo,7/8/1938,Piedmont,,,,
1,Airington,John,M,29/9/1958,Silverdale,28/4/1996,Homewood,,,,
1,Snyder,Alma,F,4/8/1893,Spearsville,9/1/1982,Seville,,,,
1,Humphrey,Joe,M,9/11/1951,Luzerne,11/3/2006,Waterford,,,,
1,Douglas,Dona,F,17/10/1961,San Francisco,21/3/2016,Slaton,,,,
1,Vidrine,Thomas,M,4/4/1956,Hanscom Afb,22/1/2006,Warner Robins,,,,
2,Mertens,Donald,M,10/5/1857,Elba,31/9/1906,Phelan,,,,
2,Garcia,Robert,M,25/4/1985,Los Angeles,2/6/1993,Meadow,,,,
2,Wheeler,Roxanne,F,30/12/1959,North Las Vegas,25/1/2014,Kaumakani,,,,
2,Lowe,Dawn,F,14/1/1906,Makanda,30/10/1961,West Jefferson,,,,
2,Yost,Kenneth,M,13/10/1810,Kilbourne,7/3/1973,Stanton,,,,
2,Piere,Joshua,M,23/10/1920,Kalamazoo,14/4/2018,Durham,,,,
2,Fowler,Celeste,F,1/9/1974,Cortez,10/6/2008,Cassville,,,,
2,Wood,Mindy,F,14/5/1990,Greene,16/6/1994,Kermit,,,,
2,Shaughnessy,Kim,F,8/9/1946,Jobstown,9/8/2003,Olar,,,,
2,Jackson,Cindy,F,14/4/1958,Trumbauersville,26/11/1969,Carbondale,,,,
2,Ferguson,Kathy,F,19/12/1975,Whiteclay,6/4/1988,Rockbridge,,,,
2,Sonoda,Rosario,F,10/10/1817,Seattle,21/2/1978,Millville,,,,
2,Heaton,Mark,M,13/8/1903,Denver,17/6/1957,Ward,,,,
2,Slenker,Felicia,F,25/12/1968,Excelsior Springs,8/7/2010,Lancaster,,,,
2,Porte,Stephen,M,28/6/1986,Terre Haute,5/8/1994,Elliott,,,,
2,Zimmerman,Amanda,F,20/9/1903,Tucson,24/8/2000,Bountiful,,,,
2,Valerio,Vicki,F,26/3/1824,Panola,15/3/1828,Pittston,,,,
2,Exum,Maurice,M,10/9/1977,Brooksville,21/8/1980,Bingham Lake,,,,
2,Pazmino,Brandon,M,27/4/1996,New York,18/4/2014,Jersey City,,,,
2,Bettendorf,Rose,F,29/2/1980,Osceola Mills,1/3/1992,Redford,,,,
2,Scott,Rita,F,14/3/1912,Staten Island,22/5/1989,Marion Junction,,,,
2,Baldwin,Michael,M,28/9/1980,Shelburn,21/12/1991,Conover,,,,
2,Lehmann,Gregory,M,16/5/1885,Lincoln,1/8/1888,Sherman,,,,
2,Roberts,Catherine,F,17/10/1908,Green Pond,13/4/1991,National Mine,,,,
2,Boyd,Ethel,F,14/3/1985,Silver Bay,13/2/1988,Elmira,,,,
2,Pleva,Mark,M,10/10/1902,North River,3/5/1972,Jacksonville,,,,
2,Borgman,Rich,M,16/3/1927,Trenton,18/10/2014,Burlington Flats,,,,
2,Lanier,Roger,M,30/8/1975,Denver,11/11/2003,Orlando,,,,
2,Stanley,John,M,26/11/1800,Morse,28/5/2011,Tampa,,,,
2,Marti,Bruce,M,15/1/1977,Asheville,7/5/1992,El Paso,,,,
2,Madrigal,Harold,M,26/2/1974,Dallas,7/8/1988,Victor,,,,
2,Gilbert,Billy,M,19/2/1908,Flushing,13/6/1962,Jeffersonville,,,,
2,Macdonald,Edward,M,19/11/1845,Sacramento,23/9/1922,Taylorsville,,,,
2,Casas,Henry,M,26/8/1876,Rockport,24/11/1886,Henderson,,,,
2,Hanna,Columbus,M,24/3/1978,Laramie,13/4/2010,Winston,,,,
2,Graeser,William,M,19/6/1947,Furman,14/7/1981,Mather,,,,
2,Shilling,Frederick,M,20/7/1876,Saint Petersburg,9/11/1981,Snow Hill,,,,
2,Richardson,Wm,M,1/11/1875,Derby Line,2/1/1892,Colwich,,,,
2,Hunter,Donald,M,17/4/1848,Ogema,27/3/1982,Orange,,,,
2,Washington,Barbara,F,30/2/1944,Chino Hills,4/9/1965,Smyrna,,,,
2,Smart,Virginia,F,24/10/1938,Birmingham,1/3/1983,Bardolph,,,,
2,Sauve,Yolanda,F,22/5/1819,Pipersville,23/9/1867,Toledo,,,,
2,Berglund,Henry,M,26/1/1889,Island Falls,1/9/1943,Vilas,,,,
2,Smith,Francis,F,27/1/1935,Okolona,7/4/1943,Meadow,,,,
2,Fleming,James,M,13/12/1875,Sun,21/2/1911,Palms,,,,
2,Andrews,Brent,M,28/9/1814,Mcdonough,18/8/1947,Dallas,,,,
2,Harvey,Ronald,M,15/8/1828,Middlebrook,22/9/1858,Salvisa,,,,
2,Hale,Shirley,F,19/5/1915,Renner,8/12/1923,Risco,,,,
2,Anderson,Shannon,F,17/6/1823,Chardon,6/3/1939,Toledo,,,,
2,Haynes,Todd,M,28/8/1926,Newhall,9/11/1971,Jackson,,,,
2,Haslett,James,M,14/3/1806,Idabel,7/3/1910,River Grove,,,,
2,Engleman,Patricia,F,20/11/1800,Migrate,21/12/1922,Los Angeles,,,,
2,Blair,Barbara,F,16/7/1815,Orlando,28/6/1985,Minnesota Lake,,,,
2,Clark,Bertha,F,16/5/1806,Pottsville,16/12/1871,Punta Gorda,,,,
2,Hill,Leslie,F,16/7/1894,South Cle Elum,31/8/1928,Adrian,,,,
2,Clifford,Emily,F,13/6/1997,Rogue River,2/3/2017,Mount Solon,,,,
2,Grant,Arthur,M,19/4/1860,Crittenden,11/9/1894,Johns Island,,,,
2,Fox,Rachel,F,17/10/1918,Grubbs,27/8/1971,Clarks Grove,,,,
2,Pigg,Mona,F,5/3/1841,Belle Plaine,10/8/1852,Charlotte,,,,
2,Whitley,Jose,M,5/11/1835,New Waverly,4/7/1871,Loleta,,,,
2,Collins,Henry,M,23/5/1854,De Land,8/3/2011,Cleveland,,,,
2,Romano,Vaughn,M,25/4/1925,Mammoth,8/1/2000,Moran,,,,
2,Nathan,Sharon,F,22/10/1802,Medicine Park,11/4/1998,Manito,,,,
2,Shepherd,Angela,F,14/1/1910,Blue Ridge,7/6/1984,West Bend,,,,
2,Schartz,Dustin,M,18/6/1821,Dearing,1/4/1871,York,,,,
2,White,Martha,F,17/1/1919,Bridgeton,2/10/1994,Lake Hamilton,,,,
2,Scott,Linda,F,5/9/1927,Indianapolis,10/11/1940,New Bedford,,,,
2,Elliot,Alice,F,21/12/1912,Hempstead,24/2/1981,Camak,,,,
2,Lo,Jason,M,24/4/1802,Lovington,19/7/1916,Mulino,,,,
2,Depalma,Graham,M,12/3/1839,Mount Vernon,23/8/1841,Santa Fe,,,,
2,Barnes,Samuel,M,8/7/1819,New York,2/3/1827,Hanford,,,,
2,Davis,Barbara,F,7/1/1941,Pekin,10/10/2014,Pinopolis,,,,
2,Carlson,Pablo,M,24/5/1871,Dallas,6/10/1912,Palatine,,,,
2,Tribble,Stephen,M,28/11/1979,San Antonio,11/5/2000,Boyce,,,,
2,Williams,Edward,M,24/8/1813,Front Royal,7/8/1820,Southern Pines,,,,
2,Simon,James,M,1/7/1931,Larkspur,8/7/2008,Clarksburg,,,,
2,Hooper,Abraham,M,14/1/1941,Pasadena,4/4/1946,Gallipolis,,,,
2,Murphy,Michael,M,16/11/1876,Palo Alto,15/8/1881,Boston,,,,
2,Brown,Beryl,F,5/5/1823,Brothers,25/8/1944,Adams,,,,
2,Moore,Helena,F,24/3/1898,Garland,11/5/1957,Phenix City,,,,
2,Martinez,Charles,M,19/9/1883,Sheldon,21/9/1959,Warminster,,,,
2,Sassaman,Debra,F,26/2/1918,Lawrence,6/10/2014,Sacramento,,,,
2,Schilling,Joseph,M,20/12/1851,Oakland,14/4/1931,Olivet,,,,
2,Whitman,Albert,M,8/5/1881,Washington,13/6/2014,Ardenvoir,,,,
2,Fitzgerald,Shauna,F,16/5/1901,North Chicago,3/4/1943,Beacon,,,,
2,Chen,Gregory,M,13/2/1818,Avoca,22/4/1828,Bearden,,,,
2,Woodard,Ida,F,1/9/1869,Beaverton,19/7/1963,Fredonia,,,,
2,Costanza,Crystal,F,17/3/1975,Salt Lake City,4/9/2017,Houston,,,,
2,Burse,Norman,M,1/10/1813,Cecil,1/7/1852,Munden,,,,
2,Gilbert,Reva,F,28/4/1833,Maple Park,21/12/2000,Pasadena,,,,
2,East,Ronald,M,20/6/1895,Davidson,6/9/1901,Washington,,,,
2,Juliano,Fidel,M,1/11/1870,Saint Paul,1/5/1994,Mc David,,,,
2,Patel,Eunice,F,25/1/1893,Cardiff,24/1/1952,Victor,,,,
2,Ugalde,Dorothy,F,28/7/1958,Birmingham,5/2/1960,Douglas,,,,
2,Borges,Larry,M,30/3/1834,Oxbow,14/11/1842,Daytona Beach,,,,
2,Clayton,Herman,M,25/6/1913,Elk City,5/7/2016,Van Nuys,,,,
2,Nairn,Todd,M,3/10/1967,Dwarf,30/11/1981,Mansfield,,,,
2,Colace,Lillian,F,2/8/1818,Augusta,5/6/1879,Atlanta,,,,
2,Mcnair,Charles,M,21/3/1863,Lanesboro,4/6/1973,Gruver,,,,
2,Lawrence,Angelo,M,1/9/1856,Edmore,9/3/1876,Scottsdale,,,,
3,Hackney,Juanita,F,24/4/1967,Luray,26/11/1978,Corn,,,,
3,Dexter,Marcella,F,7/12/1912,Miller,27/9/1935,Allen,,,,
3,Wester,Charlie,M,13/5/1885,Fredonia,1/3/1955,Warda,,,,
3,Gadbois,Andy,M,24/5/1897,Viper,19/1/1974,Greensboro,,,,
3,Abbott,Sally,F,10/11/1806,Noxen,8/9/1871,Tyrone,,,,
3,Howard,Jason,M,8/5/1898,Ridgewood,23/5/2006,Big Bend National Park,,,,
3,Maier,Theodore,M,13/9/1964,Lawrence,18/1/1982,Midlothian,,,,
3,Tingle,Albert,M,17/2/1911,Peru,9/10/1920,Glen Cove,,,,
3,Brown,Sarah,F,21/6/1982,Hartford,29/9/1994,Palmer,,,,
3,Mickelson,Anna,F,20/3/1833,Allentown,18/1/2006,Diboll,,,,
3,Stout,Steven,M,19/2/1907,Sidney,7/10/1973,Brandon,,,,
3,Kane,Erica,F,4/1/1931,Mill Run,2/12/1958,Roanoke,,,,
3,Jones,Diego,M,29/4/1986,Rosamond,12/11/2015,Clancy,,,,
3,King,Mark,M,17/2/1869,Mc Millan,6/2/1926,Sharpsburg,,,,
3,Scott,Libby,F,1/6/1994,Marne,20/11/1999,Olathe,,,,
3,Quint,Mary,F,27/8/1992,Minden,1/5/2006,Londonderry,,,,
3,Mason,Erica,F,12/3/1871,Arvada,11/11/1987,Gwynedd,,,,
3,Muirhead,Laurie,F,9/1/1902,Canyon Country,11/6/1995,Lodi,,,,
3,Azulay,Annie,F,1/4/1956,Charleston,10/6/1988,Leicester,,,,
3,Reed,Alan,M,4/7/1931,Sligo,1/8/1945,Erwinna,,,,
3,Eudy,Jennifer,F,11/11/1971,Greenbrae,30/1/2005,Amarillo,,,,
3,Eichenberger,Stephanie,F,2/7/1801,New York,21/1/1928,Star City,,,,
3,Herman,Paul,M,30/9/1839,Lovelady,7/12/1964,Greensboro,,,,
3,Chu,Lillian,F,2/9/1919,Miami,16/8/1972,Jasper,,,,
3,Rollins,Ana,F,21/6/1823,Honey Grove,10/7/1899,Locust Grove,,,,
3,Martin,Michael,M,19/7/1918,Newington,25/1/1982,North Richland Hills,,,,
3,Mcintyre,Anita,F,29/3/1815,Estes Park,20/10/1937,Dallas,,,,
3,Battle,Catherine,F,20/2/1982,Homestead,19/2/2017,Summit,,,,
3,Spence,Frederic,M,20/8/1887,Port Angeles,5/10/1938,Luna,,,,
3,Hawks,George,M,11/6/1828,East Springfield,17/11/1986,Cypress,,,,
3,Billings,Bruce,M,23/8/1826,Countyline,10/2/1966,Ekwok,,,,
3,Lange,Stephen,M,1/2/1924,Rosedale,17/12/1990,Plantersville,,,,
3,Beverly,Louise,F,24/10/1805,Dahlgren,14/6/1862,Goose Rock,,,,
3,Elliott,Carolyn,F,1/10/1913,Goldens Bridge,16/10/1940,Scranton,,,,
3,Buettner,Richard,M,7/2/1993,Columbus,29/11/1993,Spring Hill,,,,
3,Gibson,Woodrow,M,20/5/1864,Galesburg,7/9/1916,Klamath Falls,,,,
3,Ackies,Manuel,M,28/4/1968,Signal Mountain,21/6/1978,Opa Locka,,,,
3,Thompson,Claudia,F,9/7/1913,Arivaca,16/8/1968,Great Bend,,,,
3,Loper,Roy,M,21/12/1914,Evansville,28/4/1964,Missoula,,,,
3,Sweeny,Lloyd,M,6/3/1998,Richmond,20/10/2008,Riverside,,,,
3,Boggess,Consuelo,F,23/7/1874,Pirtleville,16/6/2010,Waccabuc,,,,
3,Siefke,Cecil,M,27/3/1805,Dyke,12/1/1925,Webster,,,,
3,Anderson,Christopher,M,30/9/1933,Millbrae,12/2/1973,Oneida,,,,
3,Graham,Joan,F,26/12/1837,Adams Basin,6/8/1925,Eddy,,,,
3,Hubbard,Megan,F,3/7/1880,Cokeburg,24/5/1964,Calvin,,,,
3,Beasley,Mindy,F,2/12/1935,Shohola,3/3/1986,Scotland,,,,
3,Gerald,Terry,M,23/1/1803,Bluford,6/10/1869,Albuquerque,,,,
3,Quirk,Carey,M,30/3/1870,Sacramento,7/10/1998,Vinton,,,,
3,Meister,Darrell,M,29/12/1917,Montgomery,26/2/1932,Warren,,,,
3,Remaley,Wendy,F,27/9/1956,Altamont,1/3/2011,Summer Lake,,,,
3,Rosales,Jannie,F,19/9/1912,Huntsville,12/10/1930,Big Prairie,,,,
3,Belcher,Carolyn,F,2/9/1941,Anniston,10/11/1970,Wellman,,,,
3,Hargrove,Pauline,F,13/2/1862,Omaha,23/10/1991,Corpus Christi,,,,
3,Caneles,Steven,M,10/1/1986,Milford,2/6/2011,Manley,,,,
3,Hickman,Linda,F,21/11/1974,Island Grove,6/9/1985,Ophir,,,,
3,Fredricks,Tracey,F,9/12/1817,Wichita,9/3/1916,Harrietta,,,,
3,Gerth,Edward,M,17/3/1977,Streetman,21/4/1979,Creede,,,,
3,Ziad,Judith,F,13/8/1853,New York,28/12/1997,Vista,,,,
3,Magee,Lawerence,M,29/5/1989,Mouth Of Wilson,31/6/1999,Killona,,,,
3,Hales,David,M,2/5/1968,Ronkonkoma,25/6/2014,Starkville,,,,
3,Henderson,Madge,F,14/3/1967,New Bethlehem,12/11/1996,Wylie,,,,
3,Erickson,Dorothy,F,7/1/1980,Pico Rivera,6/3/2003,Slayton,,,,
3,Wang,Charles,M,10/11/1993,Zaleski,10/9/2013,Murfreesboro,,,,
3,Peterman,Timothy,M,30/7/1977,Linch,23/5/1987,Delaplane,,,,
3,Clagon,Erwin,M,8/12/1920,Orrington,9/11/1932,Wildwood,,,,
3,Miller,Nicolas,M,5/9/1882,Miami Beach,29/3/1963,Winger,,,,
3,Brashear,Drew,M,13/6/1943,Prospect,20/3/1968,Memphis,,,,
3,Haak,Stephen,M,6/1/1977,Washington,18/1/2013,Ashford,,,,
3,Tarone,Isabel,F,23/12/1975,Shoshone,5/6/1985,Kopperl,,,,
3,Saulnier,Francisco,M,11/3/1870,Pensacola,22/11/1943,Keyport,,,,
3,Tuller,Stephen,M,5/1/1958,Gardena,30/6/1990,Snow Shoe,,,,
3,Spurling,Charlette,F,25/3/1898,Wallace,10/10/1974,Dovray,,,,
3,Krier,Phyllis,F,5/1/1811,Dime Box,28/6/1818,Marine On Saint Croix,,,,
3,Bedard,Jean,F,22/12/1885,Dayton,16/12/1984,Foxhome,,,,
3,Crum,Amber,F,14/7/1871,Nerinx,29/11/1926,Virginia,,,,
3,Lindley,Jay,M,15/2/1948,Coweta,25/12/2009,Perry Hall,,,,
3,Leeder,Stacy,F,25/4/1905,Drums,12/11/1937,Rochester,,,,
3,Mccollum,Sandra,F,4/11/1907,Woodbridge,28/2/1953,Ellenton,,,,
3,Hood,Russell,M,6/10/1939,Alexander,18/8/2010,Oakland,,,,
3,Baker,Dwight,M,16/1/1961,Jekyll Island,31/1/1998,Ocean Springs,,,,
3,Carlos,Brian,M,17/9/1973,Chicago,13/12/2018,Dallas,,,,
3,Murphy,Bruce,M,16/12/1872,Woodland,16/3/1902,Rutland,,,,
3,Shell,Sarah,F,5/11/1869,Asbury,22/7/1967,Houston,,,,
3,Borg,Corazon,F,26/10/1812,Burlington,15/10/1988,Mountainside,,,,
3,Wilson,Sarah,F,20/3/1885,Poteau,12/3/1949,Centereach,,,,
3,Anthony,Mary,F,29/12/1977,Bay,21/1/2016,Hilo,,,,
3,Ray,Scott,M,28/12/1986,Washington,24/1/1996,Tallahassee,,,,
3,Blanchette,Michael,M,7/6/1974,Whitinsville,7/6/1983,Amarillo,,,,
3,Oakes,Darlene,F,15/11/1852,Yorktown,21/7/1988,Lexington,,,,
3,Odum,Glenda,F,23/5/1907,Bakerton,18/12/2009,Clifton Heights,,,,
3,Calhoun,Ellen,F,24/9/1982,Morristown,4/1/1996,Raleigh,,,,
3,Yother,Andrew,M,8/3/1942,Saint Boniface,14/2/1974,Morehead City,,,,
3,Reed,Christopher,M,11/9/1896,North Pitcher,5/6/1965,Kokomo,,,,
3,Chang,Maureen,F,24/5/1969,Des Moines,9/7/1977,Hemlock,,,,
3,Brown,Brenda,F,17/1/1911,Orange,31/9/1930,Pawcatuck,,,,
3,Casey,David,M,10/1/1909,Frederick,4/11/1945,Granville,,,,
3,Craig,Lee,F,24/1/1825,Readyville,9/6/1957,Burlington Junction,,,,
3,Hall,Judy,F,17/10/1957,Piney Fork,4/9/1994,Chicago,,,,
3,Truitt,Jay,M,29/3/1892,Carney,8/7/1960,Lake City,,,,
3,Galindez,Lorraine,F,1/6/1804,Minot,25/5/1873,Greenbrier,,,,
4,Linton,Theresa,F,4/9/1865,Glenwood Springs,5/7/1934,Alderpoint,,,,
4,Shaner,Raymond,M,28/4/1848,Newman,16/10/1895,Cimarron,,,,
4,Alvarado,John,M,20/8/1900,Beaverton,16/9/1964,Atlanta,,,,
4,Davis,Dennis,M,5/6/1862,Versailles,10/4/1995,Mount Gay,,,,
4,Davis,Ollie,F,21/7/1911,Gregory,11/2/1990,Whitsett,,,,
4,Polk,Kenneth,M,6/3/1827,Alachua,18/6/1982,Mc Cracken,,,,
4,Jackson,Terri,F,8/11/1920,Washington,21/9/2004,Joseph,,,,
4,Rogers,Joshua,M,18/2/1909,Boelus,17/11/1940,Castine,,,,
4,Restrepo,Frances,F,10/8/1930,Halma,9/5/1965,Columbia,,,,
4,Evans,Thomas,M,7/7/1879,Melstone,30/3/1888,Buffalo Lake,,,,
4,Harr,Randy,M,2/11/1837,Philadelphia,26/7/1875,El Paso,,,,
4,Patel,Brian,M,27/1/1918,Eau Claire,24/7/1985,Fresno,,,,
4,Dutcher,Henry,M,17/5/1853,Lagrangeville,3/12/1994,Webber,,,,
4,Woodard,David,M,30/8/1977,Conrad,21/11/1991,Salem,,,,
4,Moody,Margaret,F,2/10/1918,New Troy,16/7/1973,Greensburg,,,,
4,Kang,Wanda,F,20/6/1832,Naytahwaush,12/5/1993,Walnut Grove,,,,
4,Forman,Glenn,M,14/2/1819,Spokane,4/9/1985,Woburn,,,,
4,Randolph,Anthony,M,9/6/1941,Sandisfield,23/12/1991,Wright City,,,,
4,Besley,Mildred,F,4/3/1972,Milledgeville,30/8/1977,Evansville,,,,
4,Jackson,Claudia,F,16/9/1861,Harmony,10/7/1999,North Chili,,,,
4,Smiley,Corrine,F,31/11/1963,Cathedral City,1/4/1990,Austinburg,,,,
4,Coffman,Harold,M,16/2/1941,Tampa,17/7/1988,Moore,,,,
4,Cornett,Debra,F,9/2/1992,Elsah,21/5/2010,Duncanville,,,,
4,Samuels,Keith,M,21/1/1841,Marshall,2/10/1900,Cheshire,,,,
4,Crane,Larry,M,24/7/1871,San Diego,4/5/1912,Los Angeles,,,,
4,Neff,Charles,M,18/2/1840,Villa Grove,4/2/1913,Ionia,,,,
4,Howe,Salvador,M,14/7/1996,Clockville,1/3/2015,Fort Bridger,,,,
4,Miller,Ethel,F,17/1/1852,Warren,4/5/1958,Munroe Falls,,,,
4,Candelaria,Roger,M,21/6/1955,Bangor,20/5/1971,Martin,,,,
4,Ruocco,Martha,F,18/11/1919,Maple Valley,10/12/1979,Fortuna,,,,
4,Franklin,Joni,F,29/10/1946,Ivel,4/4/1988,Lytle,,,,
4,Schwartz,Barbara,F,8/1/1850,Evansville,16/1/1991,Oxford,,,,
4,Miller,Darrell,M,31/9/1827,Rutherford,25/4/1964,Dale,,,,
4,Parkerson,Harold,M,12/12/1866,Elverson,28/9/1915,Climax,,,,
4,Arkenberg,Jodi,F,3/9/1965,Twinsburg,26/2/1977,Cherry Valley,,,,
4,Teague,Robert,M,17/4/1933,Douglas,31/5/1944,Glenoma,,,,
4,Stevenson,Larry,M,29/10/1965,Star,17/12/1967,Sevierville,,,,
4,Heter,Harold,M,21/12/1948,Blue Rock,18/2/2018,Burbank,,,,
4,Wise,Lionel,M,2/7/1867,Rancho Cucamonga,4/2/1892,Smoot,,,,
4,Thompson,Daniel,M,18/12/1913,Pevely,26/2/1928,West Point,,,,
4,Payne,Wesley,M,4/11/1939,Red Bud,30/8/1971,Edison,,,,
4,Mcniell,Corrine,F,6/4/1874,Meadow Grove,5/9/1890,Durango,,,,
4,Horn,David,M,1/2/1821,Washington,13/2/1859,Brooklyn,,,,
4,Carey,Kimberly,F,31/11/1989,Austin,19/12/2002,Port Aransas,,,,
4,Prothro,Betty,F,19/3/1902,Steward,24/12/1979,Meeker,,,,
4,Chambers,Debra,F,4/8/1950,Pekin,25/7/1953,Mermentau,,,,
4,Hartson,Dion,M,23/9/1950,Crestline,22/5/2018,Yellowtail,,,,
4,Fechtner,Eric,M,12/9/1884,Claremont,9/7/2016,Bethpage,,,,
4,Hamilton,William,M,13/11/1913,Lowell,30/11/2001,Baton Rouge,,,,
4,Gonzalez,Susan,F,28/8/1975,Washington,4/7/2000,Maple Heights,,,,
4,Belcher,Matthew,M,14/7/1883,Chapmanville,6/11/1952,Dewitt,,,,
4,Kroeger,Nancy,F,27/10/1967,Olympia,6/12/1975,Beaufort,,,,
4,Luckey,Floyd,M,8/1/1842,New York,23/6/1922,Walker,,,,
4,Costa,Ruben,M,22/12/1872,Shreveport,7/5/1974,Saranac,,,,
4,Findlay,Melissa,F,26/11/1803,Raleigh,12/8/1821,Coopers Plains,,,,
4,Kocher,Dorothy,F,18/10/1972,Hansford,29/10/1983,South Ryegate,,,,
4,Lewis,Joseph,M,20/6/1898,Chattanooga,23/11/1929,Westboro,,,,
4,Moya,Amanda,F,3/1/1988,La Grange,15/4/1997,Winston,,,,
4,Davis,Tracy,F,3/4/1886,Cleveland,26/4/2009,Westfield,,,,
4,Plumley,Herman,M,28/8/1861,Stuyvesant,30/11/1930,Petrolia,,,,
4,Thompson,Cheryl,F,10/1/1855,Mendenhall,11/6/1930,Cairo,,,,
4,Harkless,Sarah,F,1/6/1834,Prentice,27/5/1868,Menomonee Falls,,,,
4,Sanderson,John,M,17/4/1938,Plainfield,17/2/1967,Bolckow,,,,
4,Jones,Kenneth,M,1/11/1906,Millerville,14/8/2014,Park Hall,,,,
4,Nikolic,John,M,8/6/1960,Mendocino,29/6/2006,San Francisco,,,,
4,Wilson,Thomas,M,11/11/1940,Antigo,10/10/1962,Little Neck,,,,
4,Fudge,Heather,F,24/7/1901,Carol Stream,21/2/2006,Evansville,,,,
4,Haddock,James,M,23/11/1855,Hardin,25/3/1911,Springboro,,,,
4,Simon,Thomas,M,13/8/1948,Nashville,1/7/1988,Puryear,,,,
4,Swartz,Brenda,F,28/4/1870,El Paso,9/10/1944,Clarkston,,,,
4,Wood,Ezra,M,30/10/1894,Independence,20/5/1983,Fanwood,,,,
4,Dunham,Kathryn,F,16/10/1993,El Paso,3/12/2009,Keno,,,,
4,Gonzalez,Kathleen,F,18/5/1862,Centerville,3/8/1984,Springfield,,,,
4,Anderson,Sandra,F,11/1/1968,Saint Albans,7/2/1992,Twinsburg,,,,
4,Young,George,M,5/3/1934,Laurel,1/5/1934,Lincolnwood,,,,
4,Good,Robert,M,23/10/1895,Waco,22/4/1954,Mc Dougal,,,,
4,Davis,Amy,F,15/11/1823,Dougherty,3/12/1890,Cleveland,,,,
4,Williams,Oscar,M,20/7/1928,Bertram,10/8/1950,Loretto,,,,
4,Arnold,Jason,M,15/10/1917,Amberg,3/2/2009,Disney,,,,
4,Sutterfield,Bradley,M,15/12/1928,Macon,17/4/1953,Independence,,,,
4,Rivas,Sandra,F,22/1/1917,Austin,15/8/1997,Paynesville,,,,
4,Summers,George,M,24/3/1940,Painter,11/10/1995,Thatcher,,,,
4,Kyung,Louise,F,16/11/1963,Little Rock Air Force Base,15/5/1991,Auke Bay,,,,
4,Spies,James,M,20/5/1895,Trinway,5/4/1913,Monticello,,,,
4,Cleary,Jeanne,F,6/9/1830,Coral,21/7/1870,Peoria,,,,
4,Anderson,Helen,F,12/9/1909,Henderson,29/11/1958,Earlington,,,,
4,Rose,Roberta,F,12/3/1920,Clifton Forge,9/8/2014,Saint Louis,,,,
4,Williams,Marjory,F,25/11/1841,East Millinocket,25/10/1937,Garards Fort,,,,
4,Haase,Faith,F,26/6/1959,New Orleans,22/3/1979,Union,,,,
4,Hartzog,Mollie,F,28/7/1879,Henley,5/5/1975,Olin,,,,
4,Moses,Sheri,F,14/9/1872,Tecumseh,29/8/2015,Pittsford,,,,
4,Daggett,Robert,M,1/3/1939,Davenport,2/9/1977,Kennesaw,,,,
4,Denise,Angela,F,5/11/1834,Topock,23/3/1891,Newark,,,,
4,Obrien,Eddie,M,29/5/1978,Fort Scott,13/12/2005,Prairie Home,,,,
4,Bennett,Leann,F,13/1/1809,New Hill,18/5/1811,Grandview,,,,
4,Smith,Randy,M,18/3/1909,Stillmore,21/6/2016,Wyatt,,,,
4,Johnson,Kirby,M,2/2/1892,Townsend,2/3/2015,Alanreed,,,,
4,Harris,Anthony,M,24/7/1896,Parachute,18/4/1941,West Milton,,,,
4,Parker,Edward,M,5/11/1923,Greene,13/10/1996,Furlong,,,,
4,Cocke,Charles,M,22/9/1918,Goldendale,30/3/1929,Sebring,,,,
5,Martinez,Sarah,F,30/11/1852,Samantha,22/8/2001,Broad Brook,,,,
5,Pender,Leslie,M,23/3/1982,Baxter,30/3/2016,Greenville,,,,
5,Hoffman,Rita,F,30/10/1960,Nine Mile Falls,9/10/1972,Vanderbilt,,,,
5,Geronimo,David,M,29/3/1975,Young America,22/9/1986,Wiconisco,,,,
5,Clarke,Mary,F,18/1/1885,Monson,25/8/1972,Orlando,,,,
5,Hernandez,Connie,F,21/2/1974,Doddsville,4/3/1985,Ida Grove,,,,
5,Mccay,Carlos,M,25/2/1816,Vandalia,26/7/1877,Warrenton,,,,
5,Johnson,Corrine,F,26/9/1911,Greeley,11/5/1959,Lavaca,,,,
5,Bailey,Emma,F,25/12/1971,East Greenbush,27/2/1971,Niland,,,,
5,Verble,Charles,M,11/10/1997,Hanoverton,25/10/2016,James City,,,,
5,Perrine,Mary,F,1/8/1912,Post,1/3/1937,Valley Lee,,,,
5,Cain,Robert,M,16/7/1846,Morrowville,14/2/1985,Albuquerque,,,,
5,Finwall,Mitchell,M,20/9/1868,Irvington,20/7/1922,New York,,,,
5,Aviles,William,M,18/6/1993,Yukon,4/11/1993,New Orleans,,,,
5,Kimber,Jeffrey,M,8/7/1872,Gordo,6/4/1933,Bad Axe,,,,
5,Ansbro,Cynthia,F,9/11/1879,Round Lake,17/9/2010,Whitakers,,,,
5,Ferri,Dewayne,M,10/9/1909,Olivia,29/6/1959,King William,,,,
5,Alvarado,Leah,F,18/2/1942,Glenford,22/8/1948,Bankston,,,,
5,Kuntz,Maria,F,11/10/1842,Mammoth,4/8/1998,Idalou,,,,
5,Stevens,Gregory,M,4/9/1814,Fort Valley,11/3/1893,Astoria,,,,
5,Germany,Ida,F,3/5/1912,Sesser,22/3/1988,Owensboro,,,,
5,Garrett,Meredith,F,17/11/1871,Granville,1/8/1904,Madison,,,,
5,Todd,Josephine,F,7/6/1843,Mesquite,31/9/1878,Hope,,,,
5,Parent,Richard,M,9/5/1946,Clayton,9/6/1965,Farmington,,,,
5,Rodriguez,David,M,25/5/1851,Boca Raton,7/9/1937,Satsop,,,,
5,Kilday,Albert,M,19/1/1865,Buckskin,18/2/2010,Toccoa Falls,,,,
5,Cardiel,Lisa,F,25/4/1877,Port Washington,12/4/1896,Cheshire,,,,
5,Hobbs,Donna,F,10/3/1807,Athens,9/9/1859,Corona,,,,
5,Hensley,Gary,M,14/7/1936,Baltimore,16/10/1946,Frametown,,,,
5,Wysong,Deborah,F,31/9/1836,Hampton,8/3/1836,Winnetka,,,,
5,Cobb,James,M,20/5/1806,Nuremberg,3/2/2009,Challis,,,,
5,Smith,Charles,M,8/10/1932,Denver,31/1/2018,Weslaco,,,,
5,Schiller,Jeff,M,17/9/1957,El Monte,15/9/1995,Latham,,,,
5,Dye,Matthew,M,29/8/1917,Halma,12/8/1961,Portland,,,,
5,Rifenbark,Teresa,F,24/12/1840,Roslyn Heights,18/1/1959,Oskaloosa,,,,
5,Allen,Donna,F,26/7/1807,Colony,5/12/1852,Caliente,,,,
5,Smith,Scott,M,15/3/1936,Woodstock,26/1/1957,Spalding,,,,
5,Liu,Lewis,M,1/4/1979,Broomfield,12/4/1990,Oakland,,,,
5,John,Veronica,F,12/12/1903,Bennington,15/9/1999,Cardiff By The Sea,,,,
5,Hudson,Steven,M,8/4/1911,San Diego,20/2/1995,Vivian,,,,
5,Marshall,Claire,F,8/5/1876,Hanover,8/11/1882,Costa Mesa,,,,
5,Moore,Matthew,M,31/12/1839,Amarillo,11/4/2015,Altoona,,,,
5,Bass,Carol,F,22/10/1929,Tyler,3/1/1971,Round Rock,,,,
5,Wilson,Justin,M,28/8/1905,Hamilton,12/6/1960,La Barge,,,,
5,Peterson,Jeffery,M,2/3/1966,Graettinger,5/3/1977,Monroe,,,,
5,Hernandez,Kenneth,M,11/5/1989,Boothbay Harbor,24/2/2016,Ludlow,,,,
5,Ferrell,Randy,M,22/9/1818,Saint Louis,28/12/2001,Boulder,,,,
5,Rockwell,Benjamin,M,2/11/1931,Walthall,3/1/1948,Leicester,,,,
5,Goins,Albert,M,24/8/1945,Ransom,22/10/1983,Wilkes Barre,,,,
5,Pope,Michael,M,28/6/1829,Grand Junction,24/10/1930,Lancaster,,,,
5,Williams,Mary,F,14/5/1963,Columbus,11/12/1971,Winston Salem,,,,
5,Masi,Duane,M,17/1/1850,Kilbourne,18/12/1956,South Willington,,,,
5,Carson,Amy,F,13/12/1937,Shreveport,5/4/1964,Fort Worth,,,,
5,Schilling,Ralph,M,27/7/1805,Yarmouth,27/2/1845,Los Angeles,,,,
5,Elam,Roberto,M,25/3/1812,Newtonia,21/3/1870,Ludlow,,,,
5,Corso,Yvette,F,4/6/1801,Stoneham,27/9/1829,Clayton,,,,
5,Wallace,Lupe,M,9/11/1996,Burtrum,31/10/2000,Quinton,,,,
5,Steere,Emily,F,30/8/1875,Austin,15/1/1881,Saint Onge,,,,
5,Michel,Delilah,F,20/10/1822,Petersburg,8/1/1846,Green Valley,,,,
5,Morgan,Colin,M,6/7/1929,Pine,2/6/1929,West Warwick,,,,
5,Lenton,Kathleen,F,31/1/1915,Frenchville,3/5/1990,Johns Island,,,,
5,Black,Susan,F,5/7/1837,Wannaska,22/6/2016,Atlanta,,,,
5,Mayer,Thomas,M,12/8/1821,Saint Petersburg,6/12/1929,Empire,,,,
5,Menendez,Garry,M,4/10/1992,San Francisco,2/4/2010,Lafayette,,,,
5,Franco,Roger,M,12/9/1864,Toledo,17/1/1893,Forestgrove,,,,
5,Gannon,Sam,M,7/12/1918,Clinton,25/2/1946,Odessa,,,,
5,Mcdaniel,Yvonne,F,27/11/1906,Lake,17/6/2016,Roan Mountain,,,,
5,Pena,Ann,F,29/8/1917,New Orleans,7/9/1962,Sherman Oaks,,,,
5,Smith,Mark,M,16/3/1942,Brownsville,25/5/1950,Miltonvale,,,,
5,Ingram,Bernard,M,4/8/1987,Grant,4/1/1997,Hope Mills,,,,
5,Espinoza,Jane,F,12/10/1950,Saint Cloud,10/9/2008,Norway,,,,
5,Craft,Thomas,M,11/7/1822,Lewis,12/6/1909,Shelter Island Heights,,,,
5,Broussard,Jennifer,F,8/7/1833,Centralia,13/3/1930,Mathews,,,,
5,Godfrey,Angela,F,9/11/1986,Minneapolis,11/3/1987,Miami,,,,
5,Seiler,Tyrone,M,13/10/1820,Fargo,30/7/1872,Rock Point,,,,
5,Baker,Catherine,F,30/2/1891,Hartford,8/6/1967,Cairo,,,,
5,Ramirez,Gabriel,M,15/9/1941,Pebble Beach,3/4/1981,Shepherd,,,,
5,Graham,Vernon,M,15/7/1894,Dorsey,27/2/1939,Whitharral,,,,
5,Payan,Mary,F,31/7/1824,Anchorage,4/4/1984,Broomall,,,,
5,Riley,Carole,F,19/1/1954,North Attleboro,10/1/1976,Harrison,,,,
5,Brown,Melvin,M,6/2/1866,El Paso,29/7/1925,Moore,,,,
5,Garza,John,M,15/3/1887,Lockwood,4/12/1925,Sycamore Valley,,,,
5,Harris,Josephine,F,21/7/1845,Alfred,1/4/1994,Frankston,,,,
5,Harley,Gilbert,M,11/2/1931,Orlando,22/6/1946,Robertsdale,,,,
5,Echols,Raul,M,29/4/1897,Hillsboro,10/9/1935,Palm City,,,,
5,Kennedy,Robert,M,17/5/1834,San Antonio,17/7/1970,Ravenel,,,,
5,Fawbush,Jane,F,25/10/1833,Birmingham,11/4/1857,Tampa,,,,
5,Thornton,Josephine,F,21/4/1821,Bacliff,16/2/1881,Lansing,,,,
5,Lord,Cami,F,21/5/1948,Felton,6/4/1968,Nantucket,,,,
5,Mattison,Debi,F,22/5/1942,Valencia,24/9/1988,Tehuacana,,,,
5,Parker,Cameron,M,1/2/1938,Acton,2/2/1975,Corona,,,,
5,Macarthur,Robert,M,6/2/1942,Arvada,3/5/1960,Los Angeles,,,,
5,Ruben,Ronald,M,25/6/1937,Tucson,11/9/1942,Youngstown,,,,
5,Mills,Irvin,M,31/9/1812,Exeter,9/2/1923,Prudenville,,,,
5,Ogan,Denise,F,9/4/1864,Duluth,29/8/1873,Canton,,,,
5,Jackson,Keith,M,17/3/1861,Klemme,26/12/1908,Annawan,,,,
5,Wood,Brian,M,1/4/1940,Stockbridge,9/7/1980,Black Rock,,,,
5,Mason,Christopher,M,26/6/1950,Fresno,12/11/1953,Hornbrook,,,,
5,Haney,Jonathan,M,6/2/1915,Templeton,25/8/2000,Maynard,,,,
5,Meyers,Starla,F,12/6/1816,Gibbon Glade,27/5/1890,Opa Locka,,,,
6,Sandoval,Gary,M,16/2/1894,Amo,9/5/1941,Thornburg,,,,
6,Gilligan,Latisha,F,3/2/1932,Louisville,2/6/1982,Strawberry Valley,,,,
6,Heyd,Kathryn,F,13/9/1855,Columbus,9/2/1908,Syracuse,,,,
6,Condren,Vincenzo,M,6/1/1936,Covington,12/12/2015,Charlotte,,,,
6,Bowler,Charlie,M,19/9/1888,Richmond Dale,14/1/1938,Osnabrock,,,,
6,Snow,Donald,M,2/5/1987,Los Gatos,25/3/2016,Atascadero,,,,
6,Hooker,Alex,M,1/6/1900,Lloyd,8/3/1968,Sierra Vista,,,,
6,Fowler,Carolyn,F,30/2/1885,Baltimore,29/10/1891,Rome,,,,
6,Stapleton,Rosalind,F,15/10/1833,Sadsburyville,17/11/1978,San Jose,,,,
6,Taylor,Henry,M,30/6/1866,Pasadena,6/12/1997,Tulsa,,,,
6,Strate,Roy,M,6/6/1824,Freedom,22/5/2003,New Berlin,,,,
6,Johnson,Ricardo,M,17/4/1935,Greig,4/12/1983,Hobbs,,,,
6,Troke,Constance,F,11/3/1951,Greensburg,20/2/1976,Reno,,,,
6,Gatewood,Randolph,M,7/8/1896,Chromo,23/1/1914,Ashburn,,,,
6,Blankenship,Leona,F,12/1/1977,San Diego,8/7/2011,Millstone,,,,
6,Shaffer,William,M,7/7/1804,Rockford,4/3/1824,Richmond,,,,
6,Howe,Mary,F,8/10/1909,New Harmony,18/9/1912,New Preston Marble Dale,,,,
6,Heckel,Ashley,F,1/8/1969,Paisley,23/11/1991,Mc Clure,,,,
6,Stevens,Guy,M,3/10/1844,Athens,26/4/1915,Earth City,,,,
6,Reichert,William,M,5/11/1973,Wapella,27/7/1996,Odessa,,,,
6,Eldredge,Richard,M,21/5/1903,Maple Hill,21/5/1923,Cincinnati,,,,
6,Elkin,Ruth,F,18/3/1879,El Segundo,14/9/1939,Prescott,,,,
6,Vinton,Cynthia,F,2/3/1841,Lairdsville,13/9/1864,Atwood,,,,
6,Ayala,Emily,F,25/12/1874,D Lo,27/2/1877,Marietta,,,,
6,Morton,Herman,M,21/12/1905,Totz,11/2/1994,Davis,,,,
6,Parrish,Julia,F,6/7/1917,Bacova,29/11/1997,Whiskeytown,,,,
6,Augustine,May,F,20/10/1802,Cave Junction,28/4/1822,New Palestine,,,,
6,Sumner,Geraldine,F,29/9/1939,Dolphin,4/9/1999,Merriman,,,,
6,Shackelford,Tiffany,F,1/5/1973,Tallahassee,18/12/2010,Danville,,,,
6,Bueno,Irene,F,17/6/1859,Mayo,18/6/1886,Sherrard,,,,
6,Tolliver,Rachel,F,28/8/1872,Dolgeville,23/4/1964,Anchorage,,,,
6,Leonard,Desiree,F,14/8/1823,Sun City West,12/3/1849,Dallas,,,,
6,Nakata,Vernon,M,7/12/1878,Lonoke,18/6/1977,Gueydan,,,,
6,Kimes,Clara,F,29/12/1981,Oregon House,25/2/1990,Millry,,,,
6,Goin,Adam,M,23/6/1903,Coal City,17/12/1934,Mulberry Grove,,,,
6,Stevens,Dolores,F,21/11/1890,New Hope,3/11/1948,Westlake Village,,,,
6,Wade,Betty,F,7/4/1801,Meadowview,25/2/1863,Centreville,,,,
6,Valentine,William,M,16/2/1914,Bevier,25/4/1930,Ulmer,,,,
6,Schmidt,Donald,M,24/5/1988,Providence,30/6/2010,Chapin,,,,
6,Gerraro,Ralph,M,11/1/1801,Sweet Home,6/12/1914,Middleburg,,,,
6,Johnson,Frances,F,14/12/1855,Tampa,18/10/1985,Young America,,,,
6,Zak,Doris,F,14/11/1961,Caret,13/7/1989,Datil,,,,
6,Seymer,Robert,M,29/10/1822,Atlanta,1/11/1918,Center Point,,,,
6,Haselton,Cindy,F,1/12/1977,Waddy,1/9/1978,Olmsted Falls,,,,
6,Woods,Mario,M,2/9/1914,Geddes,4/4/1924,Sharon Center,,,,
6,Allen,Mattie,F,4/4/1921,Penelope,15/8/2006,Walcott,,,,
6,Stanley,Kelly,F,12/9/1903,Washington,21/10/1945,West Green,,,,
6,Farnam,Joann,F,9/9/1872,Sinsinawa,19/9/1882,Le Mars,,,,
6,Perez,Hannah,F,4/6/1843,De Leon,15/4/2016,Cape May Court House,,,,
6,Kemp,Shawn,M,30/5/1865,Palm Desert,3/7/2004,Shelly,,,,
6,Beall,Bobby,F,6/6/1975,Gilbertsville,8/6/1999,Hinton,,,,
6,Wilson,Thelma,F,7/3/1901,Dublin,27/2/2007,Louisville,,,,
6,Cardella,Simone,F,1/12/1973,Anderson,14/2/1990,Hillsville,,,,
6,Mccombs,Sofia,F,10/12/1923,Houston,19/9/1994,Gillette,,,,
6,Giordano,Douglas,M,1/8/1919,Center Harbor,25/3/1978,Peoria,,,,
6,Shinnick,Ann,F,14/1/1912,San Antonio,26/1/2011,Parkton,,,,
6,Mcmahon,Valeria,F,14/3/1868,Bonaparte,24/1/1918,Mount Saint Francis,,,,
6,Valentine,Lonnie,M,9/10/1813,Geneva,8/4/1949,Jacksonville,,,,
6,Brumbaugh,Maria,F,27/3/1801,Ravenna,29/12/2004,Oostburg,,,,
6,Brown,Megan,F,8/2/1909,Island Lake,2/4/1970,Buffalo,,,,
6,Davis,John,M,29/10/1851,Rosebush,15/11/1962,Kutztown,,,,
6,Ward,Agnes,F,29/11/1994,Racine,12/8/2014,Helena,,,,
6,Worsham,Michael,M,24/5/1845,Brookton,10/12/1969,Holmes Beach,,,,
6,Wood,Peter,M,10/3/1860,Chase,20/3/1897,Hampton,,,,
6,Smith,Cecil,M,31/10/1912,Columbia,18/7/2007,Bushnell,,,,
6,Wilkinson,Peter,M,28/4/1848,New Tazewell,14/9/1917,Ferney,,,,
6,Gwynn,Loretta,F,16/5/1980,Jackson,20/7/2012,Woodson,,,,
6,Honaker,Mae,F,19/10/1848,Conway Springs,24/4/1928,Belt,,,,
6,Lewis,Billie,F,5/5/1897,Miami,2/1/2002,Ranier,,,,
6,Palmer,Virginia,F,5/3/1802,Massillon,16/12/2011,Huntington,,,,
6,Simonds,Maryann,F,30/4/1958,Neosho,26/5/1977,Perkinsville,,,,
6,Woody,Jonathan,M,13/4/1844,Port Deposit,12/6/1905,Mount Hope,,,,
6,Robinson,Fay,F,15/3/1997,Romney,9/1/2004,Caldwell,,,,
6,Vitucci,Jerry,M,11/3/1974,Pinckney,27/3/1975,Killeen,,,,
6,Bush,Michael,M,10/6/1973,Bliss,6/2/2010,Robinson,,,,
6,Kowald,Debra,F,19/3/1985,Savonburg,28/2/1997,Depoe Bay,,,,
6,Schwindt,Daniel,M,24/2/1890,Fresno,23/12/1916,Mulberry,,,,
6,Scott,Jeanett,F,19/11/1967,South Fork,15/7/1989,Rockville,,,,
6,Sharp,Andrew,F,3/5/1910,Sterling,17/3/1975,Yutan,,,,
6,Howard,Shannon,F,31/8/1827,Newark,6/9/1861,Plummer,,,,
6,Villalobos,Cindy,F,5/3/1913,Boydton,26/5/2004,Mayo,,,,
6,Rodriguez,William,M,5/2/1927,Pine Grove,17/11/1957,Coaldale,,,,
6,Sanders,Angie,F,14/6/1876,Good Hope,26/3/1984,Belvidere,,,,
6,Freeland,Jeremy,M,7/4/1833,Iron Ridge,12/3/1925,Shreveport,,,,
6,Mahoney,Jennifer,F,23/4/1893,Glenwood,12/9/1981,Big Indian,,,,
6,Stine,Lucille,F,3/6/1960,Owls Head,30/3/1966,Oklahoma City,,,,
6,Rice,Amos,M,2/12/1990,Grimes,31/9/2002,Northfield,,,,
6,Goforth,Dustin,M,22/1/1908,Moncks Corner,17/12/2009,Lincoln,,,,
6,Sherman,Kelly,F,15/4/1972,Tok,9/3/2003,Kansas City,,,,
6,Pierson,Kathy,F,17/10/1925,Institute,5/4/1971,Springfield,,,,
6,Kearney,Barbara,F,14/12/1821,Houston,13/3/2014,Cary,,,,
6,Bean,Jon,M,10/12/1883,Austin,28/12/1990,Camp Nelson,,,,
6,Slaff,Dwight,M,5/11/1994,Ozawkie,27/5/2014,Peytona,,,,
6,Petty,Vanessa,F,5/8/1840,Sheppard Afb,21/7/1875,Cuthbert,,,,
6,Cusano,Herbert,M,25/10/1854,Ravalli,10/9/1945,Dawson,,,,
6,Bewick,Leslie,M,22/9/2000,Ashland,31/9/2005,Pensacola,,,,
6,Edlin,Jose,M,27/3/1881,Hagan,27/12/1921,Jackson,,,,
6,Hicks,Arnold,M,27/11/1935,Harrisburg,7/12/1977,Georgetown,,,,
6,Helton,Ralph,M,10/4/1834,Milo,4/4/1946,Slaughter,,,,
6,Cowman,Marvin,M,18/11/1856,Decorah,15/3/1943,Memphis,,,,
7,Thompson,James,M,4/1/1981,Danville,31/11/1995,Las Vegas,,,,
7,Carson,Jimmy,M,2/8/1937,Montgomery,24/2/1969,Alexandria,,,,
7,Lamar,Judy,F,1/7/1842,Fraser,20/5/1921,Seattle,,,,
7,Valente,Heather,F,15/7/1973,Rochester,6/8/2002,Ormond Beach,,,,
7,Creasman,William,M,18/2/1947,Auburn,12/5/1998,Cincinnati,,,,
7,James,Tatiana,F,26/4/1951,Washington,10/6/1975,Purchase,,,,
7,Belgarde,Delores,F,19/8/1953,Kilkenny,28/7/2011,Phoenix,,,,
7,Newman,Marvin,M,12/4/1876,Navarre,16/12/1966,Hillsdale,,,,
7,Elmore,Jesusa,F,30/10/1931,Skidmore,18/6/1959,Mount Vernon,,,,
7,Soderlund,John,M,14/10/1871,Menan,17/9/1952,Eland,,,,
7,Palacios,Kassie,F,25/1/1917,Greenville,9/12/1918,Idalou,,,,
7,Elliott,Hortense,F,8/1/1834,Gainesville,28/6/1888,Mulberry,,,,
7,Grantham,Mary,F,28/6/1975,Circle,9/2/2010,Columbus,,,,
7,Gore,Delores,F,17/11/1801,Kelly,1/9/2017,Crozier,,,,
7,Cartwright,Anna,F,5/6/1953,Sandisfield,8/11/2017,Duncombe,,,,
7,Coyne,Doris,F,28/8/1958,New York,10/3/1989,Hampton,,,,
7,Scott,Talisha,F,10/5/1929,Leeton,3/12/1942,Rochester,,,,
7,Ingram,Thomas,M,22/1/1807,Augusta,29/5/1840,Valrico,,,,
7,Martin,Rosa,F,15/11/1895,Lanark,27/5/1908,Underwood,,,,
7,Lyons,Mildred,F,28/10/1897,Porter Corners,19/6/1973,Tyler,,,,
7,Saran,Leif,M,9/3/1814,Loogootee,23/4/1844,Bushnell,,,,
7,Uhlman,Kenneth,M,27/1/1987,Louisville,18/8/2011,Forestdale,,,,
7,Schaller,Robert,M,27/9/1828,Statesboro,25/7/1974,Binghamton,,,,
7,Muniz,William,M,15/7/1959,Calumet,14/12/1996,Columbia,,,,
7,Mcmillan,Rita,F,19/11/1920,Black Mountain,4/6/2017,Goodyears Bar,,,,
7,Lewis,Darrell,M,11/5/1947,Forest Lake,24/11/2015,Higginsport,,,,
7,Picken,Willard,M,7/5/1841,Humboldt,13/1/2006,Louisville,,,,
7,Anderson,Cora,F,18/11/1875,Spartanburg,10/1/2007,New Market,,,,
7,Tejeda,Brian,M,28/3/1938,Alford,31/7/1997,Panther Burn,,,,
7,Groll,Jeffrey,M,24/10/1946,Exeter,27/3/1990,Maxie,,,,
7,White,Alma,F,5/10/1813,Russell Springs,28/1/1959,Chicago,,,,
7,Claggett,Celia,F,13/1/1931,Francestown,21/12/1935,Austin,,,,
7,Vazquez,Mary,F,27/10/1939,Stapleton,5/4/1966,Clare,,,,
7,Moya,Catherine,F,17/4/1894,Salt Lake City,13/12/1904,Clinton,,,,
7,Hollis,Marilyn,F,19/6/1877,Haileyville,13/6/1996,Maysville,,,,
7,Robinson,Gene,M,9/4/1950,Lacoochee,29/12/1967,East Hampstead,,,,
7,Carey,Melanie,F,5/9/1949,Los Angeles,18/6/1991,James City,,,,
7,Eckloff,Helen,F,1/12/1845,Bellvue,4/7/1922,Maben,,,,
7,Connelly,David,M,24/3/1961,Landing,3/2/1977,Atlanta,,,,
7,Joesph,Thelma,F,30/5/1846,Centennial,17/3/1857,Knoxville,,,,
7,Nobel,Doris,F,29/12/1875,Four States,27/2/1942,New Market,,,,
7,Sullivan,Joseph,M,2/8/1969,Caroline,17/1/1991,Santa Ana,,,,
7,Popovich,Jose,M,11/12/1976,Santa,23/8/1989,Kansas City,,,,
7,Ho,Jack,M,25/2/1926,Lebanon,22/8/1933,Winchester,,,,
7,Leverenz,Gregory,M,24/10/1821,Shirley,21/12/1892,Cobalt,,,,
7,Mccormack,Cheryl,F,29/8/1819,Vaucluse,29/2/1860,Haviland,,,,
7,Silva,Mario,M,26/1/1863,Philadelphia,26/4/1948,Akron,,,,
7,Woodley,Lela,F,29/8/1946,Tacoma,17/8/1977,Walsh,,,,
7,Grimm,Bryan,M,12/2/1890,Sauk City,9/10/1933,Loveland,,,,
7,Sprague,Donald,M,14/10/1865,New Rochelle,21/1/1927,Sebastian,,,,
7,Brown,George,M,13/1/1812,Waterloo,2/5/1829,Kings Bay,,,,
7,Bennett,Christopher,M,25/8/1975,Montgomery,3/12/2006,Kerrick,,,,
7,Gibson,David,M,21/10/1900,Oakfield,5/9/1907,Philadelphia,,,,
7,Mills,Hans,M,4/9/1872,Hillsboro,5/3/1939,Holcomb,,,,
7,Wall,Audrey,F,8/7/1801,Korbel,3/6/2010,Albany,,,,
7,Richards,Bruce,M,26/1/1954,Lutz,19/10/1993,Washington,,,,
7,Coates,Sebastian,M,22/1/1862,Eagle,12/12/1961,Brenham,,,,
7,Roberts,William,M,17/5/1817,Larkspur,13/5/1817,Elk Point,,,,
7,Weinstein,Max,M,26/11/1884,Stacy,4/12/1917,Wrentham,,,,
7,Smith,Diana,F,4/8/1928,Tucson,26/5/1949,Pleasant Unity,,,,
7,Sanmartin,Doris,F,18/6/1892,Baltimore,14/2/1910,Westport,,,,
7,Washinski,Lillian,F,18/2/1903,Painesville,13/12/1908,Twinsburg,,,,
7,Mitchell,Mary,F,13/10/1882,Pembroke,4/7/1981,New York,,,,
7,Raborn,Thomas,M,15/5/1912,Anchor,8/12/1939,Greenville,,,,
7,Lutz,Ada,F,27/10/1834,Tiller,29/10/1883,Wakeman,,,,
7,Baum,Jim,M,10/8/1871,Far Rockaway,24/3/1991,Highland Springs,,,,
7,Buffin,Timothy,M,27/12/1927,Saint Patrick,10/4/1999,Franklinton,,,,
7,Forsythe,Ernestine,F,24/7/1974,San Antonio,5/3/1995,Ridgely,,,,
7,Dickson,Myrtle,F,1/9/1858,Loves Park,8/9/1969,Las Vegas,,,,
7,Lively,Kimberli,F,31/11/1953,Miller,7/8/1995,Bybee,,,,
7,Noel,William,M,8/5/1865,Scotia,9/3/2016,Midway,,,,
7,Olson,Theodore,M,5/4/1865,Sioux City,13/10/1933,Conifer,,,,
7,Snyder,Juan,M,26/10/1892,Scenery Hill,16/9/2008,Scotts,,,,
7,Kennedy,Deanna,F,23/11/1986,Georgetown,6/4/2001,Rock Springs,,,,
7,Bradley,Teresa,F,4/4/1956,Lansing,8/6/2006,Cartersville,,,,
7,Sawyer,Patsy,F,5/6/1878,Justiceburg,12/7/2001,Kimball,,,,
7,Holsapple,Marcia,F,17/9/1962,Silver Springs,22/5/1978,Prairie Farm,,,,
7,Fitzpatrick,Christine,F,8/9/1849,Parkdale,19/9/1995,Redmond,,,,
7,Hayes,Joy,F,12/9/1817,Stryker,26/5/1889,Indianapolis,,,,
7,Harrington,Gladys,F,27/9/1996,Minot,4/1/2005,Alexander,,,,
7,Truax,Eileen,F,31/1/1990,Washburn,27/3/2010,Whiteside,,,,
7,Atkinson,Barbara,F,30/4/1945,Arvonia,8/8/2015,Sublimity,,,,
7,Calloway,Juan,M,29/3/1962,Hawk Point,11/5/1995,Plainfield,,,,
7,Farr,Rosa,F,25/3/1818,Patterson,8/8/1833,Gilead,,,,
7,Hruby,Daniel,M,6/10/1919,Nashville,19/9/1948,Ozark,,,,
7,Reid,William,M,10/10/1834,Bridgeport,13/6/1900,Griffin,,,,
7,Berry,Teddy,M,21/11/1828,Northfield,31/1/1882,Junction City,,,,
7,Thao,Gary,M,25/11/1863,Mount Pleasant,5/4/1878,Nevis,,,,
7,Gonzalez,Vashti,F,17/1/1812,Frenchboro,24/7/1818,Emporia,,,,
7,Getz,Marilyn,F,4/10/1899,Summit Station,5/1/1950,Duluth,,,,
7,Johnston,Autumn,F,8/2/1933,Saint Cloud,29/5/1992,Virginia Beach,,,,
7,Payne,Alyssa,F,16/1/1856,Cluster Springs,15/10/1939,Old Forge,,,,
7,Strickland,William,M,3/4/1998,Reading,13/11/2018,Hill City,,,,
7,Schurz,Robert,M,2/6/1862,Lake Panasoffkee,12/4/1958,Oviedo,,,,
7,Jones,Brad,M,17/9/1803,Peoria,26/8/1898,Cripple Creek,,,,
7,Anderson,Gracie,F,31/1/1939,Kingdom City,14/6/2015,Lane,,,,
7,Turner,Lora,F,7/12/1826,Carter,19/5/1927,Ravinia,,,,
7,Gaccione,Athena,F,12/4/1971,Blue Diamond,11/9/1977,Northampton,,,,
7,Covington,David,M,27/8/1932,Newark,10/2/1993,Arlington,,,,
7,Peace,Kristy,F,7/12/1988,Ligonier,5/9/2011,Maiden Rock,,,,
8,Woodfin,Louis,M,17/3/1831,Clarks Hill,8/10/1838,Philadelphia,,,,
8,Reilly,Dawn,F,3/6/1858,Kansas City,11/4/1989,Mattapan,,,,
8,Caputo,Lorraine,F,15/3/1807,Nesmith,7/12/1954,Johns Island,,,,
8,Hollen,Marie,F,14/10/1901,Lake Placid,25/4/1935,Lemmon,,,,
8,Gresham,Jose,M,23/10/1879,Lancaster,29/6/1912,Lehigh Valley,,,,
8,Suarez,James,M,23/9/1952,Lake Alfred,30/1/2013,Washington,,,,
8,Robertson,Claudia,F,7/6/1904,Newport,31/12/1934,Trappe,,,,
8,Peterson,Shanon,F,14/1/1911,North Georgetown,19/9/1943,Montrose,,,,
8,Gillen,Barry,M,24/7/1834,Shelburn,24/3/1948,Arcola,,,,
8,Payne,Courtney,M,11/10/1986,Fort Wayne,5/11/2013,Kansas City,,,,
8,Oharra,Rene,M,22/5/1832,Hiawatha,12/4/2009,Ironton,,,,
8,Miller,Charles,M,4/2/1963,Albany,6/1/1982,Utica,,,,
8,Wood,Priscilla,F,28/11/1914,Fairfax,27/4/1943,Winburne,,,,
8,Leblanc,Jack,M,16/11/1963,Ama,14/4/2018,Rankin,,,,
8,Jones,Doris,F,9/9/1902,Mount Pleasant,12/1/2004,Elberon,,,,
8,Cowen,Linda,F,14/1/1838,Sidney,6/6/1972,Palm Bay,,,,
8,Miller,James,M,17/4/1868,Higdon,6/12/2004,Hope,,,,
8,Weatherford,John,M,26/9/1818,University Park,6/9/1852,Riverside,,,,
8,Runge,Amy,F,21/9/1978,Metairie,23/12/1979,Masonic Home,,,,
8,Brown,Yvette,F,29/7/1830,Irving,8/6/1992,Paxico,,,,
8,Garrett,Chad,M,15/8/1825,Sebring,30/8/2004,Tazewell,,,,
8,Gibson,Antonio,M,12/5/1907,Pueblo,9/11/2008,Seneca,,,,
8,Carolina,Rufus,M,18/5/1836,Leggett,16/1/1990,Glendale Heights,,,,
8,Keenan,Melinda,F,23/2/1883,Wesson,14/3/1986,Kite,,,,
8,Mcmorris,Sherrell,F,26/3/1841,Pinetown,14/3/1962,Wylie,,,,
8,Lovejoy,Skye,F,9/4/1972,Armona,16/12/2001,Hicksville,,,,
8,Denney,Caroline,F,14/2/1923,Forks Of Salmon,10/12/1982,Swan Lake,,,,
8,Guidry,Doris,F,15/10/1824,Basking Ridge,17/4/1875,Sharon,,,,
8,Eaton,Allen,M,6/2/1801,Wahpeton,28/3/1888,Holloman Air Force Base,,,,
8,Hannon,Richard,M,27/2/1823,East Stone Gap,19/6/1866,Alton,,,,
8,Hartman,Harold,M,21/3/1951,Keansburg,7/11/1999,Klamath Falls,,,,
8,Nishimura,Amy,F,29/5/1898,Costigan,26/5/1904,Springfield,,,,
8,Melody,Janice,F,2/4/1881,Coffee Creek,15/2/1933,Philadelphia,,,,
8,Grose,Valentin,M,3/8/1829,Climax,4/7/1958,Lane,,,,
8,Heredia,Douglas,M,23/5/1972,Saint Louis,30/11/2009,Big Run,,,,
8,Gile,Hunter,M,1/2/1849,Johnstown,12/3/1869,Brooklyn,,,,
8,Gallaher,Garry,M,3/12/1819,Greenville,3/10/1860,Orient,,,,
8,Myrick,Jeanie,F,10/12/1921,Spicewood,1/9/1946,Montgomery Center,,,,
8,Musselman,Carole,F,10/6/1948,Glen Haven,3/10/2012,Seelyville,,,,
8,Williamson,Maria,F,12/4/1960,Harleton,1/11/1962,Old Forge,,,,
8,Randall,Evangelina,F,5/3/1910,Lehigh Acres,29/5/1916,Galesburg,,,,
8,Miller,Bradley,M,11/5/1885,Strong City,15/11/1957,Big Sur,,,,
8,Hartman,Thomas,M,25/12/1866,Belleville,10/3/1871,Quimby,,,,
8,Williams,Francis,M,7/11/1921,Pittsburg,20/5/2007,East Haven,,,,
8,Dittman,Michael,M,2/8/1995,Rock,22/2/2008,Copake Falls,,,,
8,Salazar,Carol,F,21/6/1964,Mc Carr,24/4/2011,Cornish Flat,,,,
8,Ross,Juan,M,12/11/1945,Strasburg,12/10/2002,Girdletree,,,,
8,Applegate,Jennifer,F,3/8/1896,East Bend,12/2/2009,New Meadows,,,,
8,Mcfadden,Phillip,M,6/2/1925,Troy,26/8/1972,Adelanto,,,,
8,Kha,Clifton,M,24/1/1966,Sand Creek,18/8/1966,East Freedom,,,,
8,Bellavance,William,M,1/7/1840,El Paso,22/8/1942,Richland,,,,
8,Reiter,Gaylord,M,11/10/1813,Lakeland,28/8/1972,Desoto,,,,
8,Moreno,Thomas,M,6/5/1944,Basco,7/5/1984,Windsor Locks,,,,
8,Fort,Jill,F,30/8/1885,Miami,20/8/1961,Lynnfield,,,,
8,Kightlinger,Bryan,M,28/6/1871,Wells Bridge,31/2/1931,Spencerville,,,,
8,Ferrero,Linda,F,22/6/1942,Benton,26/6/1970,Janesville,,,,
8,Taylor,Elbert,M,31/2/1868,Spencer,9/5/1924,Chillicothe,,,,
8,Tijerina,James,M,31/7/1853,Port Charlotte,3/11/2001,Saint Paul Park,,,,
8,Weatherby,Alice,F,12/7/1960,Washington,11/5/2004,Fort Lauderdale,,,,
8,Roberts,Suzanne,F,25/6/2000,Warren,24/2/2013,Reynoldsburg,,,,
8,Brown,Debra,F,14/2/1882,Greene,26/10/1942,Milwaukee,,,,
8,Heslop,Delores,F,8/3/1981,Monument Valley,14/10/1983,Cleveland,,,,
8,Burke,Rickey,M,26/1/1853,Eastaboga,1/7/1956,Fowlerton,,,,
8,Brant,Marc,M,18/11/1928,Washington,2/11/1991,Orlando,,,,
8,Hixon,Jacob,M,12/12/1842,Fort Collins,10/8/2011,Portland,,,,
8,Hilson,John,M,3/2/1994,Huntington,28/1/2010,Ward,,,,
8,Stackhouse,Rebeca,F,12/6/1916,Cromwell,13/12/1960,Shelby,,,,
8,Martinez,Rita,F,31/4/1926,Gypsum,2/2/2007,Columbus,,,,
8,Lipsky,Clara,F,3/9/1875,Schenectady,4/1/2007,Memphis,,,,
8,Mestler,Ruth,F,3/10/1995,Washington,3/10/2014,Key West,,,,
8,Culpepper,Donald,M,9/2/1935,Pelican Lake,25/11/1958,Canton,,,,
8,Guo,Susan,F,22/4/1972,Grand Rapids,5/12/1994,Versailles,,,,
8,Mcleod,Megan,F,11/12/1903,Brooklyn,2/3/1962,Santa Monica,,,,
8,Lebel,Patricia,F,17/11/1960,Saint Regis Falls,23/4/1978,Copper City,,,,
8,Welsh,Raymond,M,6/10/1967,Glendale,8/1/1977,Norwalk,,,,
8,Fletcher,Scott,M,22/7/1917,Chagrin Falls,23/10/1993,Wood,,,,
8,Taylor,Stacey,F,19/2/1878,Compton,2/12/1880,Louisville,,,,
8,Cruz,Henry,M,16/9/1900,Gipsy,7/12/2005,Lithonia,,,,
8,Montoya,Esther,F,27/12/1820,Sherman Oaks,13/8/1928,Ardenvoir,,,,
8,Ross,Sarah,F,9/3/1929,De Kalb,13/2/1946,New Underwood,,,,
8,Creech,Christopher,M,5/1/1987,Tuluksak,11/5/1991,Atkinson,,,,
8,Mahon,Mary,F,4/9/1834,Canyon Country,20/3/1936,Lenoir City,,,,
8,Medina,Laura,F,5/5/1946,Brent,30/4/1997,Sundown,,,,
8,Fast,Luther,M,5/2/1803,Hobbs,8/4/1850,Susquehanna,,,,
8,Neville,Lee,F,9/9/1856,Manley Hot Springs,14/1/1947,Meeker,,,,
8,Metzger,Louis,M,24/1/1954,Sylva,11/6/2011,Oklahoma City,,,,
8,Resnick,Glenda,F,30/1/1951,Garden City,11/6/1959,Iowa Falls,,,,
8,Carroll,Hazel,F,9/4/1929,Huntington,11/10/2016,Tabor,,,,
8,Baxter,Sonia,F,1/7/1865,Amherst,24/2/1979,Columbus,,,,
8,Demarino,Gerda,F,8/10/1856,Louisville,6/9/1903,Bath,,,,
8,Whittmore,Annie,F,29/11/1985,Richardson,28/12/1992,Dickson City,,,,
8,Martins,Susan,F,29/12/1924,Arlington,26/5/1983,Buena Park,,,,
8,Baxter,Rebecca,F,24/10/1832,Palestine,12/10/1974,Beaver,,,,
8,Owens,Louise,F,31/1/1978,Lansing,13/11/2002,West Springfield,,,,
8,Pavich,Alexander,M,31/3/1957,Hereford,16/2/2007,Peterson,,,,
8,Song,Nancy,F,22/5/1962,Kinross,14/6/1969,Erie,,,,
8,Cox,Sandra,F,5/8/1835,Kansas City,21/11/1838,Summit,,,,
8,Armes,Jon,M,18/1/1917,Crewe,20/4/1991,Burkesville,,,,
8,Mattis,Alice,F,16/11/1889,Hayden,1/9/1919,Los Angeles,,,,
8,Randall,Valerie,F,4/6/1966,Santa Ana,8/8/2014,Rockford,,,,
9,Intrieri,Joseph,M,20/9/1837,Chinquapin,31/9/2001,Zellwood,,,,
9,Takata,Ronald,M,4/7/1930,Jessieville,14/2/1984,El Paso,,,,
9,Hadden,Stacey,F,25/5/1921,Middlebranch,31/1/1987,Bedminster,,,,
9,Wilson,Anna,F,28/9/1954,Carson City,6/3/1956,Aurora,,,,
9,Slaughter,Lois,F,2/6/1854,Lapoint,8/12/1923,Watkinsville,,,,
9,Greene,Shawna,F,14/10/1978,Billings,19/6/2018,Ormond Beach,,,,
9,Alexander,Sofia,F,5/8/1812,Columbus,1/8/1979,Passadumkeag,,,,
9,Hopkins,Hugo,M,16/4/1805,Concordville,28/10/1812,Noma,,,,
9,Lopez,Kenneth,M,25/11/1841,Dollar Bay,26/7/1959,Poestenkill,,,,
9,Smith,Laura,F,27/5/1801,Fabius,25/4/1911,Maplecrest,,,,
9,Norman,Ida,F,1/11/1816,Southard,15/3/1968,Ridgeland,,,,
9,Anderson,Scott,M,14/6/1858,Lacamp,13/8/1880,Twinsburg,,,,
9,Medina,Tracy,M,6/12/1935,Minneapolis,7/5/2004,Miami,,,,
9,Pooley,Christopher,M,26/10/1838,Savery,12/10/1843,Warren,,,,
9,Rufi,Evelyn,F,30/4/1883,Alapaha,1/3/1968,New Waterford,,,,
9,Gomez,Maria,F,15/5/1800,Delavan,29/8/1812,Pine Ridge,,,,
9,Barrow,Thomas,M,1/5/1952,Black Creek,15/9/2014,Enfield Center,,,,
9,Alves,Ligia,F,3/3/1923,Nathrop,31/9/2006,Fort Plain,,,,
9,Honig,Pamela,F,18/10/1982,Bridgeport,9/7/2010,Harlan,,,,
9,Hannah,Iona,F,1/10/1903,Page,5/12/1967,Holt,,,,
9,Yetsko,Nancy,F,24/4/1822,Canal Point,16/12/1971,Winter Garden,,,,
9,Waddington,Anthony,M,27/12/1915,Atlanta,24/10/1982,Charlotte,,,,
9,Caddle,Polly,F,10/2/1951,Foster,28/12/2015,Lillie,,,,
9,Bolton,Denise,F,26/11/1847,Albany,17/1/1949,Mount Horeb,,,,
9,Peek,Salvador,M,31/11/1815,Bluffton,7/8/1958,Monessen,,,,
9,Cincotta,Fred,M,22/7/1930,Arimo,16/1/2013,Sharps Chapel,,,,
9,Macias,James,M,12/12/1861,Union Church,2/4/1992,Trafalgar,,,,
9,Widera,Glen,M,26/11/1808,Canton Center,8/12/1876,Attica,,,,
9,Young,Monica,F,7/7/1804,Bridgeport,31/2/1895,Williamsport,,,,
9,Allsbrook,Lynn,F,11/9/1890,Sacramento,23/10/1968,Eagleville,,,,
9,Carson,Bobby,M,8/3/1924,Baton Rouge,30/5/1929,Washington,,,,
9,Oh,Eric,M,5/5/1961,Nevis,18/12/1968,Fults,,,,
9,Woods,Edward,M,28/6/1869,Woosung,30/8/1881,Chicago,,,,
9,Pray,Miguel,M,1/5/1821,Dukedom,8/10/1924,San Ramon,,,,
9,Mckinney,Nancy,F,5/1/1817,Lankin,9/4/1949,Olathe,,,,
9,Parker,Donald,M,12/4/1808,English,6/8/1871,Centre,,,,
9,Taylor,Betty,F,31/2/1998,Riddle,10/6/2012,Clark Mills,,,,
9,Polan,Kathy,F,9/6/1919,Oakland,25/7/1974,Laurel Springs,,,,
9,Thatcher,Tara,F,6/10/1861,Slate Run,5/5/1925,Miami Beach,,,,
9,Debellis,Lidia,F,21/12/1853,Brookfield,19/7/1955,Magnolia Springs,,,,
9,Denson,Dennis,M,12/11/1844,Ford,28/12/1900,Republic,,,,
9,Thomas,Louise,F,23/7/1959,Saginaw,11/3/2009,Kelayres,,,,
9,Johnson,Nicholas,M,20/6/1899,San Francisco,4/6/2009,Appleton,,,,
9,Boucher,Sherilyn,F,13/3/1837,Mapleton,7/12/1876,El Paso,,,,
9,Santiago,Ronald,M,23/4/1852,Dennison,19/4/1857,Bel Air,,,,
9,Steib,Jackie,M,12/8/1857,Lakewood,20/12/1954,Portland,,,,
9,Glenn,Juan,M,15/10/1901,Hustler,5/8/1975,Saint Louis,,,,
9,Mullen,Lisa,F,8/2/1929,San Francisco,10/2/1934,South Bloomingville,,,,
9,Paul,Ophelia,F,29/4/1987,Hornersville,18/6/1988,Cook,,,,
9,Blackford,Catherine,F,5/1/1891,East Killingly,16/7/1987,Perry,,,,
9,King,Belinda,F,15/11/1881,Kalispell,4/7/1935,Muskegon,,,,
9,Narron,Robert,M,12/10/1963,Staten Island,17/2/1990,Beavercreek,,,,
9,Pryor,David,M,23/10/1954,Lewiston,7/5/1988,Seymour,,,,
9,Culverhouse,Jill,F,29/7/1886,Golden,13/12/1920,Wapiti,,,,
9,Isaman,James,M,19/8/1948,El Paso,24/11/2002,Kaukauna,,,,
9,Summers,Janet,F,4/4/1982,Duck Creek Village,17/6/2005,Emma,,,,
9,Braxton,James,M,19/3/1879,Shelbiana,20/4/1922,Helena,,,,
9,Hardy,Blair,M,16/10/1977,Harlingen,22/8/2009,Colwich,,,,
9,Fett,Derek,M,10/1/1812,Cottonwood,9/12/1962,Max,,,,
9,Rozier,Tracy,M,6/6/1828,Barnard,12/4/1889,Chandler,,,,
9,Hollingsworth,Evelyn,F,14/10/1887,Winston Salem,22/2/1940,Haugan,,,,
9,Corbett,Earl,M,24/9/1918,Young America,10/1/2015,Berkley,,,,
9,Thompson,Jason,M,7/6/1833,Rincon,14/7/1969,Manchester,,,,
9,Arellano,Giovanna,F,29/6/1854,Hillsdale,3/3/1898,Wallingford,,,,
9,Barnhill,Danny,M,5/9/1951,Readington,7/7/1994,Wilsall,,,,
9,Sandquist,Vivian,F,16/3/1955,Memphis,4/12/1984,Plato,,,,
9,Brooks,Kevin,M,10/12/1823,Webster,8/12/1926,Mesa,,,,
9,Leja,Eric,M,31/7/1806,George,4/5/1962,New Orleans,,,,
9,Giorgio,Cynthia,F,30/1/1839,Farmingville,22/10/1947,Felton,,,,
9,Argo,Tommy,M,30/1/1892,Hialeah,1/10/1992,North Haven,,,,
9,Williamson,Debbie,F,29/11/1957,La France,8/10/1963,Chapmanville,,,,
9,Gonzalez,Don,M,11/10/1948,Vaiden,6/2/2018,Parchman,,,,
9,Velez,Johnny,M,15/4/1936,Glen,23/5/2007,Carson,,,,
9,Morgan,Vivian,F,29/12/1878,Kalamazoo,14/1/1993,Audubon,,,,
9,Etheridge,Alejandro,M,18/11/1862,Brownsdale,26/2/1902,Boston,,,,
9,Johnson,Wilbert,M,8/2/1888,Berkeley,20/5/1935,Allison,,,,
9,Morgan,Donovan,M,20/3/1961,Vermontville,21/4/2013,Bettsville,,,,
9,Nixon,William,M,11/6/1964,Battle Mountain,31/8/1993,Fultonville,,,,
9,Breese,Ruth,F,18/4/1825,Wingate,15/6/1891,Crowder,,,,
9,Bruce,Teresa,F,16/4/1910,Elk Garden,24/12/1981,Fluker,,,,
9,Salas,Anita,F,9/6/1869,Palisade,8/4/1895,Franklintown,,,,
9,Kearns,Nathaniel,M,20/7/1998,Rogers,16/9/2011,Harrisburg,,,,
9,Hocutt,Edward,M,6/3/1805,Herndon,30/1/2008,Dunedin,,,,
9,Zelkind,James,M,7/12/1817,Fort Lauderdale,31/3/1852,Renwick,,,,
9,Henderson,Melissa,F,20/1/1971,Castleford,11/6/1992,Elmwood,,,,
9,Wheller,Gregory,M,24/5/1891,Hominy,8/7/1904,Moline,,,,
9,Rodriguez,Tracy,F,15/3/1908,Glencoe,1/12/1920,Humboldt,,,,
9,Mills,Michael,M,14/7/1998,Immokalee,18/6/1998,Port Angeles,,,,
9,Morrow,Jesse,M,31/5/1959,Richmond,17/4/1996,Elk,,,,
9,Balde,Heath,M,11/8/1961,El Dorado,25/3/2015,Stillman Valley,,,,
9,Carmichael,Kelvin,M,2/8/1892,North Platte,24/10/1935,East Lansing,,,,
9,Lesh,Amy,F,15/6/1988,Welda,1/10/1993,Manchester Center,,,,
9,Serna,Carol,F,26/1/1816,Orange,9/5/1926,Cincinnati,,,,
9,Leboeuf,Robert,M,28/1/1913,Kew Gardens,12/7/1921,Cook Station,,,,
9,Wood,Vivian,F,26/10/1962,Rosalie,18/10/1997,Leola,,,,
9,Morgan,Jeremy,M,3/4/1823,Goldenrod,19/10/1840,Ivanhoe,,,,
9,Waller,Richard,M,13/10/1961,Perry,4/11/2004,Stephens City,,,,
9,Payne,Phillip,M,24/10/1869,Cresbard,16/7/2002,Tell,,,,
9,Gilbert,Anne,F,6/12/1872,Mullens,18/7/1888,Abilene,,,,
9,Martinez,Stacie,F,10/10/1826,Richardson,9/8/1967,Saguache,,,,
10,Pena,Michelle,F,16/12/1894,Chromo,6/4/1954,Russell,,,,
10,Perez,Micheal,M,13/1/1822,Jonesboro,29/5/1926,Shafer,,,,
10,Wilson,Wendy,F,2/8/1819,North Woodstock,4/5/1934,Norman,,,,
10,Commons,Steven,M,23/2/1857,Friendship,3/2/1860,Puyallup,,,,
10,Rand,Peggy,F,29/1/1943,Chunchula,18/8/1974,Tekoa,,,,
10,Inguardsen,Judith,F,22/4/1832,Euless,10/5/1968,Spencer,,,,
10,Neller,Laurie,F,21/1/1905,Lake Odessa,20/5/1942,Zachow,,,,
10,Reese,Young,F,24/11/1933,Tioga,7/12/2003,Winnebago,,,,
10,Anderson,Marcos,M,16/3/1900,Centerville,5/7/1961,Pascagoula,,,,
10,Perry,Arturo,M,10/4/1964,Leota,30/11/2012,Monarch,,,,
10,Dammeyer,Flavia,F,22/9/1830,Butterfield,9/10/1946,Forest Grove,,,,
10,Tramble,Peggy,F,30/4/1857,Glenburn,22/8/1891,Clark,,,,
10,Fitch,Lorena,F,20/10/1939,Crater Lake,1/12/1945,Centralia,,,,
10,Crayton,Tyler,M,30/10/1999,Weyers Cave,4/10/2013,Effingham,,,,
10,Jimenez,Niesha,F,17/11/1992,Levittown,17/9/2008,Selkirk,,,,
10,Cooke,Venice,F,27/9/1862,Lynn,30/8/1947,Glenbeulah,,,,
10,Lucas,Jacob,M,8/10/1868,Elvaston,12/11/1981,Jonestown,,,,
10,Shaffer,Robert,M,7/5/1848,Orange,7/12/1848,Wichita,,,,
10,Theobald,Danielle,F,29/2/1838,Gore,4/1/1979,Williamsburg,,,,
10,Smiley,Todd,M,20/3/1816,Jacksonville,13/11/1860,Silver Creek,,,,
10,Reich,Dolores,F,8/1/1841,Franconia,22/6/1960,Hughes Springs,,,,
10,Parker,Mary,F,25/1/1856,Voss,22/9/1940,Trappe,,,,
10,Brown,Chad,M,27/6/1941,Lucile,20/11/1954,Savoy,,,,
10,Locke,Jesse,M,18/5/1939,Coleraine,16/10/2007,Scott Air Force Base,,,,
10,Walter,Brenda,F,1/8/1852,State University,5/6/1914,Fort Payne,,,,
10,Easter,Olga,F,15/1/1834,Oxford,11/2/1959,Youngsville,,,,
10,Carrithers,Donnie,M,22/2/1937,Alexandria,13/5/1937,Isaban,,,,
10,Sanders,Teresa,F,31/5/1826,Broomfield,20/4/1873,Rains,,,,
10,Charles,Nancy,F,3/8/1911,Albany,1/4/1966,Batesville,,,,
10,Kelly,Noel,M,15/12/1906,Pleasant Hill,22/3/1960,Milbridge,,,,
10,Taylor,William,M,30/11/1931,Purdon,30/7/2003,Saline,,,,
10,Jeffries,Laurie,F,15/11/1945,Trosky,6/3/1955,Welling,,,,
10,Holt,Loretta,F,11/6/1957,Alpine,18/11/1963,Ruckersville,,,,
10,Ekmark,Stephanie,F,5/5/1997,Freeman Spur,7/5/2009,Wake,,,,
10,Ford,Thomas,M,29/11/1814,Glasgow,28/10/1901,Springfield,,,,
10,Jackson,Matthew,M,21/4/1951,Nantucket,9/4/1987,New Brunswick,,,,
10,Jennrich,James,M,25/5/1910,Startex,19/8/1930,Providence,,,,
10,Sullivan,Bryan,M,23/3/1937,Pasadena,6/1/2008,New Hartford,,,,
10,Paulson,Cedric,M,18/2/1945,Arrey,15/3/1960,Los Angeles,,,,
10,Campbell,Melissa,F,20/6/1922,Thurmont,10/9/1998,Orleans,,,,
10,Douglas,Anthony,M,16/11/1860,Brandon,29/1/1883,Inglewood,,,,
10,Pfannenstiel,Elizabeth,F,12/12/1939,Orlando,17/5/2001,Morrisonville,,,,
10,Bourne,Curtis,M,9/9/1950,Clarkedale,13/1/2017,Helix,,,,
10,Malone,Charles,M,12/3/1817,Clyde,28/10/1930,Challenge,,,,
10,Wesley,Mark,M,10/9/1809,Cub Run,23/2/1875,Lafitte,,,,
10,Mills,Todd,M,29/2/1967,Goldsboro,23/11/2009,Floyd,,,,
10,Beveridge,Viola,F,2/5/1954,Arroyo Hondo,13/1/2009,Apache Junction,,,,
10,Roberts,Beulah,F,28/11/1807,Hanceville,21/4/1955,Beaver,,,,
10,Nunez,Juanita,F,6/9/1906,Deep River,9/6/1952,Rio Rancho,,,,
10,Alcorn,Ignacio,M,19/9/1980,Mount Gilead,10/7/2009,Swannanoa,,,,
10,Love,Frederick,M,24/5/1829,Dekalb,24/4/1851,Cape Coral,,,,
10,Shimizu,Thomas,M,28/12/1972,Washington,13/3/1989,Lambert Lake,,,,
10,Bardsley,Ruth,F,15/4/1914,Minnetonka Beach,11/12/2004,Framingham,,,,
10,Stancil,Marcus,M,26/12/1969,Gainesville,5/3/1998,Bridgeton,,,,
10,Glover,Marylou,F,4/4/1879,Olin,17/7/1946,Anchorage,,,,
10,Brown,Leslie,F,31/4/1926,Vienna,6/10/1987,Albuquerque,,,,
10,Lamb,Richard,M,12/1/1864,White Stone,27/8/1923,Pine,,,,
10,Reich,Ashley,F,10/12/1948,Brookside,1/5/1959,Kittanning,,,,
10,Root,Daphne,F,1/2/1869,Laredo,31/12/1876,El Paso,,,,
10,Duncan,Patricia,F,23/8/1845,Warren,5/12/1881,Calais,,,,
10,Morgan,Delores,F,26/1/1906,Myrtle Beach,12/12/1952,Roanoke,,,,
10,Corsaut,Brian,M,3/4/1921,Kennard,14/11/1955,Panama,,,,
10,Morris,Ann,F,29/10/1844,Indianapolis,28/12/1883,Syracuse,,,,
10,Jennings,Christopher,M,5/2/1973,Piney Woods,19/5/1991,Raritan,,,,
10,Montgomery,Clement,M,27/4/1828,Pittsburgh,28/11/1903,Cleveland,,,,
10,Neill,Tarsha,F,6/7/1973,Kewaskum,8/8/1975,Edinboro,,,,
10,Walston,Benjamin,M,13/4/1893,Flintstone,6/2/2010,Saginaw,,,,
10,Mackenzie,David,M,3/1/1856,Bradley,3/10/1968,Honolulu,,,,
10,Rosas,Traci,F,11/11/1803,Troy,13/12/2015,Miami,,,,
10,England,Susan,F,6/2/1933,Grulla,18/2/2006,Cascade,,,,
10,Carboneau,Barbara,F,2/9/1988,Ottawa,29/3/1999,Homestead,,,,
10,Upton,Sharon,F,8/2/1830,Walnut Creek,20/4/1909,Keene,,,,
10,Seyer,James,M,9/6/1834,Grandfield,29/6/1929,Olancha,,,,
10,Calderon,Melanie,F,2/8/1842,Rhome,27/10/1908,Midway,,,,
10,Greenwell,John,M,31/1/1883,North Waltham,29/3/1890,Scarsdale,,,,
10,Davis,Peter,M,9/12/1901,Sumner,20/2/1964,Williston,,,,
10,Hinojosa,Loretta,F,20/1/1865,Dixie,7/7/1966,Bark River,,,,
10,Mcgillicuddy,Jane,F,16/10/1849,Rolla,14/8/1966,New York,,,,
10,West,Daniel,M,19/2/1931,Maplecrest,25/9/1962,Mayfield,,,,
10,Ensing,Joel,M,17/12/1933,Hortonville,17/5/1947,Latty,,,,
10,Spurlock,Cynthia,F,13/12/1807,Lexington,10/11/2013,Staples,,,,
10,Baumann,Juanita,F,25/11/1977,Fortine,22/5/1981,Burdick,,,,
10,Beatty,Jan,F,22/9/1876,Maple Plain,31/3/1949,Rocky Hill,,,,
10,Finney,Laurie,F,5/11/1895,Cincinnati,7/4/1930,Sumerco,,,,
10,Brown,Mary,F,3/10/1973,Newbury,26/12/1999,Simi Valley,,,,
10,Nebarez,Jason,M,1/9/1969,Elizabethtown,23/2/1983,Alfred,,,,
10,Mullenix,Brian,M,19/1/1888,Lakota,12/7/1901,Mound,,,,
10,Brown,Katy,F,18/11/1895,Weymouth,18/9/1993,East Moline,,,,
10,Moskal,Sondra,F,16/12/1913,Paramus,25/4/1929,West Ridge,,,,
10,Moore,Laura,F,12/1/1800,Beaver Creek,31/6/1839,Gaylord,,,,
10,Cornish,Juana,F,4/8/1965,Sebastopol,16/2/2013,Beaverton,,,,
10,Neal,Brenda,F,30/2/1878,Wilmont,18/8/2006,Johnson City,,,,
10,Rowe,Todd,M,27/4/1864,Tupelo,3/2/1865,Sinnamahoning,,,,
10,Thompson,Randy,M,4/2/1947,Mauriceville,10/5/1991,Terryville,,,,
10,Dellinger,Craig,M,18/8/1925,Bowie,19/3/1985,Old Hickory,,,,
10,Buchanan,Jonathan,M,19/1/1844,Everetts,17/5/1893,Islandton,,,,
10,Sample,Pam,F,15/1/1817,Seabrook,31/4/1966,Albany,,,,
10,Miller,Anthony,M,31/8/1954,Smithfield,17/6/1957,Frenchburg,,,,
10,White,Carl,M,15/7/1929,Hanover,28/7/1998,Delmar,,,,
10,Holloway,Ronald,M,3/6/1827,San Antonio,21/3/1873,Mexico,,,,
